index,nct_id,category_age
0,NCT00001159,[0-17]
0,NCT00001159,[18-65]
0,NCT00001159,[65 and more]
11,NCT00001277,[0-17]
11,NCT00001277,[18-65]
11,NCT00001277,[65 and more]
18,NCT00004048,[0-17]
18,NCT00004048,[18-65]
18,NCT00004048,[65 and more]
21,NCT00004074,[18-65]
21,NCT00004074,[65 and more]
25,NCT00004089,[0-17]
25,NCT00004089,[18-65]
25,NCT00004089,[65 and more]
26,NCT00004340,[0-17]
26,NCT00004340,[18-65]
30,NCT00004351,[0-17]
30,NCT00004351,[18-65]
30,NCT00004351,[65 and more]
33,NCT00004660,[18-65]
33,NCT00004660,[65 and more]
41,NCT00005102,[0-17]
41,NCT00005102,[18-65]
41,NCT00005102,[65 and more]
47,NCT00037193,[18-65]
47,NCT00037193,[65 and more]
55,NCT00037635,[18-65]
55,NCT00037635,[65 and more]
58,NCT00042432,[18-65]
58,NCT00042432,[65 and more]
61,NCT00042653,[18-65]
61,NCT00042653,[65 and more]
63,NCT00053547,[0-17]
63,NCT00053547,[18-65]
65,NCT00060242,[18-65]
65,NCT00060242,[65 and more]
66,NCT00061906,[18-65]
66,NCT00061906,[65 and more]
68,NCT00068497,[0-17]
68,NCT00068497,[18-65]
68,NCT00068497,[65 and more]
74,NCT00073710,[18-65]
74,NCT00073710,[65 and more]
76,NCT00077103,[18-65]
76,NCT00077103,[65 and more]
79,NCT00085293,[18-65]
79,NCT00085293,[65 and more]
84,NCT00094484,[18-65]
84,NCT00094484,[65 and more]
87,NCT00095693,[18-65]
87,NCT00095693,[65 and more]
91,NCT00095836,[18-65]
91,NCT00095836,[65 and more]
93,NCT00098813,[18-65]
93,NCT00098813,[65 and more]
96,NCT00098852,[18-65]
96,NCT00098852,[65 and more]
97,NCT00100828,[18-65]
97,NCT00100828,[65 and more]
98,NCT00103155,[18-65]
98,NCT00103155,[65 and more]
100,NCT00104871,[18-65]
100,NCT00104871,[65 and more]
102,NCT00105274,[18-65]
106,NCT00108394,[18-65]
106,NCT00108394,[65 and more]
108,NCT00110929,[18-65]
108,NCT00110929,[65 and more]
115,NCT00117052,[18-65]
115,NCT00117052,[65 and more]
116,NCT00118248,[18-65]
116,NCT00118248,[65 and more]
121,NCT00123461,[18-65]
121,NCT00123461,[65 and more]
127,NCT00132431,[18-65]
127,NCT00132431,[65 and more]
130,NCT00134043,[18-65]
130,NCT00134043,[65 and more]
135,NCT00135304,[18-65]
135,NCT00135304,[65 and more]
137,NCT00145366,[18-65]
137,NCT00145366,[65 and more]
140,NCT00147433,[0-17]
140,NCT00147433,[18-65]
140,NCT00147433,[65 and more]
142,NCT00150111,[18-65]
142,NCT00150111,[65 and more]
147,NCT00150124,[18-65]
147,NCT00150124,[65 and more]
152,NCT00150137,[18-65]
152,NCT00150137,[65 and more]
154,NCT00150150,[18-65]
154,NCT00150150,[65 and more]
157,NCT00161109,[0-17]
157,NCT00161109,[18-65]
161,NCT00174057,[18-65]
161,NCT00174057,[65 and more]
167,NCT00175149,[18-65]
167,NCT00175149,[65 and more]
170,NCT00189501,[18-65]
170,NCT00189501,[65 and more]
177,NCT00209235,[0-17]
177,NCT00209235,[18-65]
177,NCT00209235,[65 and more]
178,NCT00211939,[18-65]
178,NCT00211939,[65 and more]
181,NCT00213720,[18-65]
181,NCT00213720,[65 and more]
186,NCT00257920,[18-65]
186,NCT00257920,[65 and more]
191,NCT00261950,[18-65]
191,NCT00261950,[65 and more]
199,NCT00278005,[0-17]
205,NCT00285467,[18-65]
205,NCT00285467,[65 and more]
208,NCT00287144,[0-17]
208,NCT00287144,[18-65]
208,NCT00287144,[65 and more]
211,NCT00287287,[18-65]
211,NCT00287287,[65 and more]
213,NCT00288522,[18-65]
213,NCT00288522,[65 and more]
218,NCT00288873,[18-65]
218,NCT00288873,[65 and more]
221,NCT00297297,[18-65]
221,NCT00297297,[65 and more]
225,NCT00307840,[18-65]
225,NCT00307840,[65 and more]
226,NCT00316823,[18-65]
226,NCT00316823,[65 and more]
228,NCT00322322,[18-65]
228,NCT00322322,[65 and more]
229,NCT00325104,[18-65]
229,NCT00325104,[65 and more]
232,NCT00335062,[0-17]
232,NCT00335062,[18-65]
241,NCT00342641,[0-17]
241,NCT00342641,[18-65]
241,NCT00342641,[65 and more]
244,NCT00345839,[18-65]
244,NCT00345839,[65 and more]
245,NCT00348413,[18-65]
251,NCT00352170,[18-65]
251,NCT00352170,[65 and more]
259,NCT00360074,[18-65]
259,NCT00360074,[65 and more]
260,NCT00364234,[18-65]
260,NCT00364234,[65 and more]
266,NCT00374712,[18-65]
266,NCT00374712,[65 and more]
274,NCT00381641,[18-65]
274,NCT00381641,[65 and more]
277,NCT00385983,[18-65]
277,NCT00385983,[65 and more]
279,NCT00388297,[0-17]
279,NCT00388297,[18-65]
279,NCT00388297,[65 and more]
281,NCT00390325,[18-65]
281,NCT00390325,[65 and more]
288,NCT00397475,[18-65]
288,NCT00397475,[65 and more]
292,NCT00400465,[0-17]
292,NCT00400465,[18-65]
292,NCT00400465,[65 and more]
300,NCT00415233,[0-17]
300,NCT00415233,[18-65]
300,NCT00415233,[65 and more]
301,NCT00415584,[18-65]
301,NCT00415584,[65 and more]
304,NCT00416949,[18-65]
304,NCT00416949,[65 and more]
309,NCT00418600,[18-65]
309,NCT00418600,[65 and more]
310,NCT00424151,[18-65]
310,NCT00424151,[65 and more]
314,NCT00430547,[18-65]
314,NCT00430547,[65 and more]
320,NCT00431496,[18-65]
320,NCT00431496,[65 and more]
321,NCT00432146,[0-17]
321,NCT00432146,[18-65]
325,NCT00432939,[18-65]
325,NCT00432939,[65 and more]
329,NCT00437931,[18-65]
329,NCT00437931,[65 and more]
330,NCT00439127,[0-17]
330,NCT00439127,[18-65]
330,NCT00439127,[65 and more]
334,NCT00446329,[18-65]
334,NCT00446329,[65 and more]
341,NCT00454350,[18-65]
341,NCT00454350,[65 and more]
345,NCT00459498,[18-65]
345,NCT00459498,[65 and more]
347,NCT00463021,[18-65]
347,NCT00463021,[65 and more]
352,NCT00469599,[18-65]
352,NCT00469599,[65 and more]
353,NCT00470496,[18-65]
353,NCT00470496,[65 and more]
359,NCT00480428,[65 and more]
368,NCT00498238,[18-65]
368,NCT00498238,[65 and more]
371,NCT00505011,[0-17]
371,NCT00505011,[18-65]
371,NCT00505011,[65 and more]
378,NCT00507897,[0-17]
378,NCT00507897,[18-65]
378,NCT00507897,[65 and more]
380,NCT00509483,[18-65]
380,NCT00509483,[65 and more]
385,NCT00519896,[18-65]
385,NCT00519896,[65 and more]
388,NCT00522028,[18-65]
388,NCT00522028,[65 and more]
393,NCT00525135,[18-65]
393,NCT00525135,[65 and more]
395,NCT00527085,[18-65]
395,NCT00527085,[65 and more]
399,NCT00528502,[0-17]
399,NCT00528502,[18-65]
399,NCT00528502,[65 and more]
400,NCT00528788,[18-65]
400,NCT00528788,[65 and more]
403,NCT00531713,[18-65]
403,NCT00531713,[65 and more]
404,NCT00535561,[18-65]
404,NCT00535561,[65 and more]
406,NCT00537797,[18-65]
406,NCT00537797,[65 and more]
409,NCT00537979,[18-65]
409,NCT00537979,[65 and more]
415,NCT00552253,[18-65]
415,NCT00552253,[65 and more]
422,NCT00556530,[0-17]
422,NCT00556530,[18-65]
422,NCT00556530,[65 and more]
424,NCT00559949,[18-65]
424,NCT00559949,[65 and more]
426,NCT00560300,[0-17]
426,NCT00560300,[18-65]
435,NCT00571077,[18-65]
435,NCT00571077,[65 and more]
437,NCT00571090,[0-17]
437,NCT00571090,[18-65]
437,NCT00571090,[65 and more]
441,NCT00576407,[0-17]
441,NCT00576407,[18-65]
441,NCT00576407,[65 and more]
443,NCT00576836,[0-17]
443,NCT00576836,[18-65]
443,NCT00576836,[65 and more]
444,NCT00579527,[0-17]
444,NCT00579527,[18-65]
444,NCT00579527,[65 and more]
447,NCT00579709,[0-17]
447,NCT00579709,[18-65]
447,NCT00579709,[65 and more]
449,NCT00580320,[18-65]
449,NCT00580320,[65 and more]
457,NCT00587158,[18-65]
457,NCT00587158,[65 and more]
458,NCT00588432,[18-65]
458,NCT00588432,[65 and more]
460,NCT00595335,[18-65]
460,NCT00595335,[65 and more]
466,NCT00601328,[18-65]
478,NCT00639405,[18-65]
478,NCT00639405,[65 and more]
479,NCT00646282,[18-65]
479,NCT00646282,[65 and more]
483,NCT00651625,[18-65]
483,NCT00651625,[65 and more]
485,NCT00654238,[18-65]
485,NCT00654238,[65 and more]
488,NCT00664430,[18-65]
488,NCT00664430,[65 and more]
490,NCT00665795,[18-65]
490,NCT00665795,[65 and more]
496,NCT00667576,[18-65]
496,NCT00667576,[65 and more]
503,NCT00674154,[18-65]
503,NCT00674154,[65 and more]
504,NCT00677469,[18-65]
511,NCT00697528,[18-65]
511,NCT00697528,[65 and more]
517,NCT00701805,[18-65]
517,NCT00701805,[65 and more]
523,NCT00729157,[18-65]
523,NCT00729157,[65 and more]
530,NCT00742716,[18-65]
530,NCT00742716,[65 and more]
538,NCT00752401,[18-65]
538,NCT00752401,[65 and more]
544,NCT00754442,[18-65]
546,NCT00768820,[0-17]
546,NCT00768820,[18-65]
546,NCT00768820,[65 and more]
549,NCT00781417,[18-65]
549,NCT00781417,[65 and more]
551,NCT00782366,[18-65]
551,NCT00782366,[65 and more]
554,NCT00784173,[0-17]
554,NCT00784173,[18-65]
554,NCT00784173,[65 and more]
560,NCT00792857,[18-65]
560,NCT00792857,[65 and more]
567,NCT00796913,[18-65]
567,NCT00796913,[65 and more]
571,NCT00803712,[18-65]
571,NCT00803712,[65 and more]
575,NCT00804830,[0-17]
575,NCT00804830,[18-65]
575,NCT00804830,[65 and more]
578,NCT00822289,[18-65]
578,NCT00822289,[65 and more]
579,NCT00823303,[18-65]
579,NCT00823303,[65 and more]
585,NCT00828347,[18-65]
585,NCT00828347,[65 and more]
588,NCT00849888,[0-17]
591,NCT00858104,[18-65]
591,NCT00858104,[65 and more]
593,NCT00859612,[18-65]
593,NCT00859612,[65 and more]
596,NCT00877630,[0-17]
596,NCT00877630,[18-65]
596,NCT00877630,[65 and more]
599,NCT00877981,[0-17]
599,NCT00877981,[18-65]
599,NCT00877981,[65 and more]
602,NCT00887107,[18-65]
602,NCT00887107,[65 and more]
606,NCT00888069,[18-65]
606,NCT00888069,[65 and more]
609,NCT00891813,[18-65]
609,NCT00891813,[65 and more]
614,NCT00902122,[18-65]
614,NCT00902122,[65 and more]
618,NCT00916955,[0-17]
618,NCT00916955,[18-65]
618,NCT00916955,[65 and more]
620,NCT00917189,[0-17]
621,NCT00917241,[18-65]
621,NCT00917241,[65 and more]
624,NCT00921050,[18-65]
624,NCT00921050,[65 and more]
629,NCT00928408,[18-65]
629,NCT00928408,[65 and more]
633,NCT00936650,[18-65]
633,NCT00936650,[65 and more]
635,NCT00936988,[18-65]
635,NCT00936988,[65 and more]
640,NCT00946296,[18-65]
640,NCT00946296,[65 and more]
646,NCT00958113,[0-17]
646,NCT00958113,[18-65]
646,NCT00958113,[65 and more]
653,NCT00958451,[18-65]
653,NCT00958451,[65 and more]
656,NCT00961701,[18-65]
656,NCT00961701,[65 and more]
657,NCT00962221,[18-65]
657,NCT00962221,[65 and more]
660,NCT00973336,[18-65]
660,NCT00973336,[65 and more]
664,NCT00975221,[18-65]
664,NCT00975221,[65 and more]
668,NCT00977080,[18-65]
668,NCT00977080,[65 and more]
670,NCT00982722,[0-17]
670,NCT00982722,[18-65]
670,NCT00982722,[65 and more]
677,NCT00990704,[18-65]
677,NCT00990704,[65 and more]
681,NCT00995163,[0-17]
681,NCT00995163,[18-65]
681,NCT00995163,[65 and more]
684,NCT00999037,[0-17]
684,NCT00999037,[18-65]
691,NCT01012414,[18-65]
691,NCT01012414,[65 and more]
695,NCT01025128,[18-65]
695,NCT01025128,[65 and more]
700,NCT01039818,[18-65]
700,NCT01039818,[65 and more]
708,NCT01056419,[18-65]
708,NCT01056419,[65 and more]
713,NCT01057732,[18-65]
713,NCT01057732,[65 and more]
716,NCT01060982,[18-65]
716,NCT01060982,[65 and more]
719,NCT01073462,[18-65]
719,NCT01073462,[65 and more]
722,NCT01081665,[18-65]
722,NCT01081665,[65 and more]
726,NCT01083186,[18-65]
726,NCT01083186,[65 and more]
728,NCT01083550,[18-65]
728,NCT01083550,[65 and more]
731,NCT01083849,[18-65]
731,NCT01083849,[65 and more]
732,NCT01084356,[18-65]
732,NCT01084356,[65 and more]
737,NCT01087619,[65 and more]
739,NCT01089335,[18-65]
739,NCT01089335,[65 and more]
745,NCT01100723,[18-65]
745,NCT01100723,[65 and more]
747,NCT01101113,[18-65]
747,NCT01101113,[65 and more]
751,NCT01102127,[18-65]
751,NCT01102127,[65 and more]
757,NCT01103206,[18-65]
757,NCT01103206,[65 and more]
759,NCT01103557,[18-65]
759,NCT01103557,[65 and more]
763,NCT01106443,[18-65]
763,NCT01106443,[65 and more]
766,NCT01109420,[0-17]
766,NCT01109420,[18-65]
766,NCT01109420,[65 and more]
767,NCT01114503,[18-65]
767,NCT01114503,[65 and more]
771,NCT01115543,[18-65]
771,NCT01115543,[65 and more]
774,NCT01118065,[18-65]
774,NCT01118065,[65 and more]
777,NCT01127503,[0-17]
777,NCT01127503,[18-65]
777,NCT01127503,[65 and more]
783,NCT01134315,[0-17]
785,NCT01134549,[18-65]
788,NCT01134562,[18-65]
788,NCT01134562,[65 and more]
790,NCT01137097,[18-65]
790,NCT01137097,[65 and more]
791,NCT01138475,[18-65]
791,NCT01138475,[65 and more]
802,NCT01149291,[18-65]
802,NCT01149291,[65 and more]
804,NCT01153360,[18-65]
804,NCT01153360,[65 and more]
807,NCT01163565,[18-65]
807,NCT01163565,[65 and more]
813,NCT01164176,[18-65]
813,NCT01164176,[65 and more]
815,NCT01167309,[18-65]
815,NCT01167309,[65 and more]
818,NCT01171690,[18-65]
818,NCT01171690,[65 and more]
821,NCT01178450,[18-65]
821,NCT01178450,[65 and more]
823,NCT01181531,[18-65]
823,NCT01181531,[65 and more]
826,NCT01182285,[18-65]
826,NCT01182285,[65 and more]
827,NCT01182584,[0-17]
827,NCT01182584,[18-65]
837,NCT01208051,[18-65]
837,NCT01208051,[65 and more]
840,NCT01219855,[18-65]
840,NCT01219855,[65 and more]
844,NCT01220050,[18-65]
844,NCT01220050,[65 and more]
850,NCT01222026,[18-65]
850,NCT01222026,[65 and more]
855,NCT01224782,[18-65]
855,NCT01224782,[65 and more]
856,NCT01225016,[18-65]
856,NCT01225016,[65 and more]
860,NCT01226914,[18-65]
860,NCT01226914,[65 and more]
861,NCT01227499,[0-17]
861,NCT01227499,[18-65]
861,NCT01227499,[65 and more]
867,NCT01228786,[0-17]
867,NCT01228786,[18-65]
867,NCT01228786,[65 and more]
869,NCT01229865,[18-65]
869,NCT01229865,[65 and more]
874,NCT01254565,[18-65]
874,NCT01254565,[65 and more]
880,NCT01265992,[18-65]
880,NCT01265992,[65 and more]
884,NCT01269749,[0-17]
884,NCT01269749,[18-65]
890,NCT01270425,[18-65]
890,NCT01270425,[65 and more]
893,NCT01272414,[18-65]
893,NCT01272414,[65 and more]
898,NCT01273597,[18-65]
898,NCT01273597,[65 and more]
903,NCT01280214,[18-65]
903,NCT01280214,[65 and more]
909,NCT01286753,[18-65]
909,NCT01286753,[65 and more]
910,NCT01290029,[0-17]
914,NCT01291498,[18-65]
914,NCT01291498,[65 and more]
917,NCT01295333,[18-65]
917,NCT01295333,[65 and more]
923,NCT01297699,[18-65]
923,NCT01297699,[65 and more]
927,NCT01306656,[18-65]
927,NCT01306656,[65 and more]
930,NCT01306916,[18-65]
930,NCT01306916,[65 and more]
934,NCT01307761,[18-65]
934,NCT01307761,[65 and more]
935,NCT01308320,[18-65]
938,NCT01320813,[18-65]
938,NCT01320813,[65 and more]
945,NCT01322165,[0-17]
945,NCT01322165,[18-65]
945,NCT01322165,[65 and more]
950,NCT01329666,[18-65]
950,NCT01329666,[65 and more]
953,NCT01335802,[18-65]
954,NCT01335828,[18-65]
954,NCT01335828,[65 and more]
957,NCT01341782,[18-65]
957,NCT01341782,[65 and more]
960,NCT01341886,[0-17]
960,NCT01341886,[18-65]
960,NCT01341886,[65 and more]
970,NCT01368042,[18-65]
970,NCT01368042,[65 and more]
972,NCT01369953,[18-65]
972,NCT01369953,[65 and more]
978,NCT01379196,[18-65]
978,NCT01379196,[65 and more]
981,NCT01382212,[0-17]
984,NCT01382966,[18-65]
984,NCT01382966,[65 and more]
987,NCT01384786,[18-65]
987,NCT01384786,[65 and more]
991,NCT01395134,[18-65]
991,NCT01395134,[65 and more]
992,NCT01396733,[18-65]
992,NCT01396733,[65 and more]
995,NCT01398774,[0-17]
995,NCT01398774,[18-65]
996,NCT01401478,[18-65]
996,NCT01401478,[65 and more]
1000,NCT01408368,[18-65]
1000,NCT01408368,[65 and more]
1003,NCT01409798,[18-65]
1003,NCT01409798,[65 and more]
1007,NCT01413113,[18-65]
1007,NCT01413113,[65 and more]
1011,NCT01414114,[18-65]
1011,NCT01414114,[65 and more]
1016,NCT01421407,[18-65]
1016,NCT01421407,[65 and more]
1020,NCT01426724,[18-65]
1020,NCT01426724,[65 and more]
1025,NCT01428167,[18-65]
1025,NCT01428167,[65 and more]
1028,NCT01436994,[0-17]
1032,NCT01439867,[0-17]
1035,NCT01441154,[18-65]
1035,NCT01441154,[65 and more]
1040,NCT01447368,[18-65]
1040,NCT01447368,[65 and more]
1041,NCT01453634,[18-65]
1041,NCT01453634,[65 and more]
1046,NCT01458600,[18-65]
1046,NCT01458600,[65 and more]
1050,NCT01460030,[18-65]
1050,NCT01460030,[65 and more]
1056,NCT01465867,[18-65]
1057,NCT01471288,[18-65]
1057,NCT01471288,[65 and more]
1058,NCT01479088,[0-17]
1058,NCT01479088,[18-65]
1064,NCT01484379,[65 and more]
1065,NCT01486667,[18-65]
1065,NCT01486667,[65 and more]
1075,NCT01506947,[18-65]
1075,NCT01506947,[65 and more]
1082,NCT01528904,[18-65]
1084,NCT01530919,[0-17]
1084,NCT01530919,[18-65]
1084,NCT01530919,[65 and more]
1087,NCT01534169,[18-65]
1093,NCT01539486,[18-65]
1093,NCT01539486,[65 and more]
1094,NCT01539499,[18-65]
1094,NCT01539499,[65 and more]
1096,NCT01545622,[18-65]
1096,NCT01545622,[65 and more]
1100,NCT01558115,[18-65]
1100,NCT01558115,[65 and more]
1103,NCT01560299,[18-65]
1103,NCT01560299,[65 and more]
1107,NCT01571843,[18-65]
1107,NCT01571843,[65 and more]
1113,NCT01574287,[18-65]
1113,NCT01574287,[65 and more]
1114,NCT01574859,[0-17]
1114,NCT01574859,[18-65]
1114,NCT01574859,[65 and more]
1117,NCT01576146,[18-65]
1117,NCT01576146,[65 and more]
1118,NCT01579344,[18-65]
1118,NCT01579344,[65 and more]
1119,NCT01579539,[18-65]
1119,NCT01579539,[65 and more]
1127,NCT01598727,[18-65]
1127,NCT01598727,[65 and more]
1129,NCT01599273,[18-65]
1129,NCT01599273,[65 and more]
1133,NCT01609946,[18-65]
1133,NCT01609946,[65 and more]
1135,NCT01611896,[18-65]
1135,NCT01611896,[65 and more]
1137,NCT01616108,[0-17]
1137,NCT01616108,[18-65]
1137,NCT01616108,[65 and more]
1140,NCT01617694,[18-65]
1145,NCT01633853,[18-65]
1145,NCT01633853,[65 and more]
1146,NCT01638533,[18-65]
1146,NCT01638533,[65 and more]
1152,NCT01647503,[0-17]
1152,NCT01647503,[18-65]
1152,NCT01647503,[65 and more]
1155,NCT01648569,[0-17]
1155,NCT01648569,[18-65]
1156,NCT01649206,[18-65]
1156,NCT01649206,[65 and more]
1159,NCT01651000,[18-65]
1159,NCT01651000,[65 and more]
1163,NCT01653379,[18-65]
1163,NCT01653379,[65 and more]
1164,NCT01655719,[18-65]
1164,NCT01655719,[65 and more]
1170,NCT01660126,[65 and more]
1172,NCT01661179,[18-65]
1172,NCT01661179,[65 and more]
1175,NCT01665651,[18-65]
1179,NCT01675089,[18-65]
1179,NCT01675089,[65 and more]
1180,NCT01690806,[0-17]
1180,NCT01690806,[18-65]
1180,NCT01690806,[65 and more]
1187,NCT01704079,[18-65]
1187,NCT01704079,[65 and more]
1189,NCT01704586,[18-65]
1189,NCT01704586,[65 and more]
1199,NCT01725113,[18-65]
1199,NCT01725113,[65 and more]
1200,NCT01727973,[18-65]
1208,NCT01738243,[18-65]
1208,NCT01738243,[65 and more]
1213,NCT01739972,[18-65]
1213,NCT01739972,[65 and more]
1215,NCT01741064,[18-65]
1215,NCT01741064,[65 and more]
1219,NCT01744769,[18-65]
1219,NCT01744769,[65 and more]
1221,NCT01750593,[18-65]
1221,NCT01750593,[65 and more]
1223,NCT01756534,[18-65]
1223,NCT01756534,[65 and more]
1227,NCT01757834,[18-65]
1227,NCT01757834,[65 and more]
1230,NCT01760421,[18-65]
1242,NCT01776502,[0-17]
1242,NCT01776502,[18-65]
1243,NCT01778400,[18-65]
1243,NCT01778400,[65 and more]
1245,NCT01779817,[0-17]
1248,NCT01781923,[0-17]
1251,NCT01783002,[18-65]
1251,NCT01783002,[65 and more]
1253,NCT01785849,[18-65]
1253,NCT01785849,[65 and more]
1256,NCT01785875,[18-65]
1256,NCT01785875,[65 and more]
1261,NCT01788046,[18-65]
1261,NCT01788046,[65 and more]
1262,NCT01788982,[18-65]
1262,NCT01788982,[65 and more]
1263,NCT01789541,[18-65]
1263,NCT01789541,[65 and more]
1266,NCT01794676,[0-17]
1266,NCT01794676,[18-65]
1266,NCT01794676,[65 and more]
1268,NCT01798966,[18-65]
1268,NCT01798966,[65 and more]
1273,NCT01805856,[0-17]
1273,NCT01805856,[18-65]
1273,NCT01805856,[65 and more]
1274,NCT01809444,[18-65]
1280,NCT01811212,[18-65]
1280,NCT01811212,[65 and more]
1286,NCT01821781,[0-17]
1286,NCT01821781,[18-65]
1288,NCT01830504,[18-65]
1288,NCT01830504,[65 and more]
1290,NCT01832753,[0-17]
1290,NCT01832753,[18-65]
1292,NCT01837433,[18-65]
1292,NCT01837433,[65 and more]
1294,NCT01837745,[18-65]
1294,NCT01837745,[65 and more]
1295,NCT01838031,[18-65]
1296,NCT01838629,[0-17]
1296,NCT01838629,[18-65]
1296,NCT01838629,[65 and more]
1302,NCT01853579,[65 and more]
1303,NCT01856920,[18-65]
1303,NCT01856920,[65 and more]
1306,NCT01868750,[18-65]
1306,NCT01868750,[65 and more]
1308,NCT01868997,[18-65]
1308,NCT01868997,[65 and more]
1315,NCT01880203,[18-65]
1315,NCT01880203,[65 and more]
1320,NCT01884649,[18-65]
1320,NCT01884649,[65 and more]
1321,NCT01885533,[18-65]
1321,NCT01885533,[65 and more]
1326,NCT01889134,[18-65]
1326,NCT01889134,[65 and more]
1327,NCT01893450,[18-65]
1331,NCT01896232,[18-65]
1331,NCT01896232,[65 and more]
1346,NCT01922843,[18-65]
1346,NCT01922843,[65 and more]
1348,NCT01927406,[18-65]
1348,NCT01927406,[65 and more]
1352,NCT01927887,[18-65]
1352,NCT01927887,[65 and more]
1356,NCT01932970,[18-65]
1356,NCT01932970,[65 and more]
1362,NCT01939977,[18-65]
1362,NCT01939977,[65 and more]
1364,NCT01945762,[18-65]
1364,NCT01945762,[65 and more]
1366,NCT01950260,[18-65]
1366,NCT01950260,[65 and more]
1373,NCT01969019,[18-65]
1373,NCT01969019,[65 and more]
1379,NCT01985204,[18-65]
1383,NCT01996072,[18-65]
1383,NCT01996072,[65 and more]
1385,NCT01999790,[18-65]
1385,NCT01999790,[65 and more]
1397,NCT02017080,[18-65]
1400,NCT02024906,[18-65]
1400,NCT02024906,[65 and more]
1401,NCT02041260,[18-65]
1401,NCT02041260,[65 and more]
1402,NCT02054572,[18-65]
1402,NCT02054572,[65 and more]
1405,NCT02055989,[18-65]
1405,NCT02055989,[65 and more]
1407,NCT02056730,[18-65]
1407,NCT02056730,[65 and more]
1409,NCT02059655,[18-65]
1409,NCT02059655,[65 and more]
1413,NCT02061111,[18-65]
1416,NCT02070211,[0-17]
1416,NCT02070211,[18-65]
1419,NCT02089542,[18-65]
1419,NCT02089542,[65 and more]
1422,NCT02090907,[18-65]
1422,NCT02090907,[65 and more]
1426,NCT02102204,[18-65]
1426,NCT02102204,[65 and more]
1427,NCT02107794,[18-65]
1427,NCT02107794,[65 and more]
1430,NCT02109250,[18-65]
1430,NCT02109250,[65 and more]
1431,NCT02112370,[18-65]
1431,NCT02112370,[65 and more]
1432,NCT02112643,[18-65]
1432,NCT02112643,[65 and more]
1436,NCT02114619,[18-65]
1436,NCT02114619,[65 and more]
1442,NCT02126683,[18-65]
1444,NCT02133404,[18-65]
1444,NCT02133404,[65 and more]
1448,NCT02138214,[18-65]
1448,NCT02138214,[65 and more]
1450,NCT02138838,[0-17]
1453,NCT02140476,[18-65]
1453,NCT02140476,[65 and more]
1457,NCT02143271,[18-65]
1457,NCT02143271,[65 and more]
1458,NCT02143726,[18-65]
1458,NCT02143726,[65 and more]
1460,NCT02147782,[18-65]
1464,NCT02150772,[18-65]
1464,NCT02150772,[65 and more]
1469,NCT02152995,[18-65]
1469,NCT02152995,[65 and more]
1472,NCT02155049,[18-65]
1472,NCT02155049,[65 and more]
1477,NCT02169687,[18-65]
1477,NCT02169687,[65 and more]
1482,NCT02186405,[18-65]
1482,NCT02186405,[65 and more]
1485,NCT02190214,[18-65]
1485,NCT02190214,[65 and more]
1490,NCT02194920,[0-17]
1490,NCT02194920,[18-65]
1490,NCT02194920,[65 and more]
1496,NCT02203682,[18-65]
1496,NCT02203682,[65 and more]
1501,NCT02205801,[18-65]
1501,NCT02205801,[65 and more]
1508,NCT02210741,[18-65]
1508,NCT02210741,[65 and more]
1513,NCT02216656,[18-65]
1513,NCT02216656,[65 and more]
1518,NCT02227264,[18-65]
1518,NCT02227264,[65 and more]
1525,NCT02246504,[18-65]
1525,NCT02246504,[65 and more]
1527,NCT02258347,[18-65]
1527,NCT02258347,[65 and more]
1529,NCT02268734,[18-65]
1529,NCT02268734,[65 and more]
1530,NCT02273570,[18-65]
1530,NCT02273570,[65 and more]
1534,NCT02274623,[18-65]
1534,NCT02274623,[65 and more]
1539,NCT02282813,[18-65]
1539,NCT02282813,[65 and more]
1541,NCT02289144,[18-65]
1541,NCT02289144,[65 and more]
1543,NCT02290704,[18-65]
1543,NCT02290704,[65 and more]
1554,NCT02316691,[18-65]
1554,NCT02316691,[65 and more]
1558,NCT02316743,[18-65]
1558,NCT02316743,[65 and more]
1565,NCT02319538,[18-65]
1565,NCT02319538,[65 and more]
1569,NCT02332135,[18-65]
1569,NCT02332135,[65 and more]
1574,NCT02338934,[18-65]
1574,NCT02338934,[65 and more]
1575,NCT02339142,[18-65]
1575,NCT02339142,[65 and more]
1581,NCT02341417,[0-17]
1581,NCT02341417,[18-65]
1583,NCT02352766,[18-65]
1583,NCT02352766,[65 and more]
1587,NCT02373995,[18-65]
1587,NCT02373995,[65 and more]
1595,NCT02376088,[18-65]
1595,NCT02376088,[65 and more]
1598,NCT02378298,[18-65]
1598,NCT02378298,[65 and more]
1603,NCT02381457,[18-65]
1604,NCT02381925,[18-65]
1604,NCT02381925,[65 and more]
1609,NCT02384668,[18-65]
1609,NCT02384668,[65 and more]
1614,NCT02393183,[18-65]
1614,NCT02393183,[65 and more]
1618,NCT02393690,[18-65]
1618,NCT02393690,[65 and more]
1622,NCT02397109,[18-65]
1622,NCT02397109,[65 and more]
1625,NCT02398721,[18-65]
1625,NCT02398721,[65 and more]
1627,NCT02399475,[65 and more]
1631,NCT02408887,[18-65]
1631,NCT02408887,[65 and more]
1632,NCT02410928,[18-65]
1632,NCT02410928,[65 and more]
1638,NCT02417389,[18-65]
1638,NCT02417389,[65 and more]
1643,NCT02422368,[18-65]
1643,NCT02422368,[65 and more]
1648,NCT02430584,[18-65]
1648,NCT02430584,[65 and more]
1650,NCT02430857,[18-65]
1650,NCT02430857,[65 and more]
1651,NCT02432274,[0-17]
1651,NCT02432274,[18-65]
1654,NCT02432599,[18-65]
1654,NCT02432599,[65 and more]
1655,NCT02440581,[18-65]
1655,NCT02440581,[65 and more]
1660,NCT02452073,[0-17]
1660,NCT02452073,[18-65]
1660,NCT02452073,[65 and more]
1662,NCT02460328,[0-17]
1664,NCT02462512,[18-65]
1664,NCT02462512,[65 and more]
1667,NCT02463409,[0-17]
1667,NCT02463409,[18-65]
1668,NCT02464072,[0-17]
1668,NCT02464072,[18-65]
1668,NCT02464072,[65 and more]
1676,NCT02491502,[18-65]
1676,NCT02491502,[65 and more]
1680,NCT02491567,[0-17]
1680,NCT02491567,[18-65]
1686,NCT02500342,[65 and more]
1691,NCT02516774,[18-65]
1691,NCT02516774,[65 and more]
1694,NCT02523209,[18-65]
1694,NCT02523209,[65 and more]
1699,NCT02525796,[18-65]
1699,NCT02525796,[65 and more]
1701,NCT02535975,[18-65]
1701,NCT02535975,[65 and more]
1705,NCT02536287,[18-65]
1705,NCT02536287,[65 and more]
1708,NCT02539498,[0-17]
1708,NCT02539498,[18-65]
1708,NCT02539498,[65 and more]
1714,NCT02549391,[18-65]
1714,NCT02549391,[65 and more]
1715,NCT02549404,[18-65]
1715,NCT02549404,[65 and more]
1720,NCT02549417,[18-65]
1720,NCT02549417,[65 and more]
1723,NCT02551120,[0-17]
1723,NCT02551120,[18-65]
1723,NCT02551120,[65 and more]
1727,NCT02556216,[18-65]
1727,NCT02556216,[65 and more]
1740,NCT02609685,[18-65]
1740,NCT02609685,[65 and more]
1742,NCT02620085,[18-65]
1742,NCT02620085,[65 and more]
1750,NCT02645786,[18-65]
1756,NCT02652884,[18-65]
1756,NCT02652884,[65 and more]
1762,NCT02658552,[18-65]
1762,NCT02658552,[65 and more]
1764,NCT02665325,[18-65]
1764,NCT02665325,[65 and more]
1765,NCT02681328,[18-65]
1765,NCT02681328,[65 and more]
1767,NCT02685514,[18-65]
1767,NCT02685514,[65 and more]
1773,NCT02693808,[18-65]
1773,NCT02693808,[65 and more]
1779,NCT02697578,[18-65]
1779,NCT02697578,[65 and more]
1782,NCT02708368,[18-65]
1782,NCT02708368,[65 and more]
1787,NCT02710799,[18-65]
1787,NCT02710799,[65 and more]
1793,NCT02713256,[18-65]
1793,NCT02713256,[65 and more]
1797,NCT02714946,[18-65]
1797,NCT02714946,[65 and more]
1799,NCT02721992,[18-65]
1799,NCT02721992,[65 and more]
1804,NCT02724176,[18-65]
1804,NCT02724176,[65 and more]
1807,NCT02725879,[0-17]
1807,NCT02725879,[18-65]
1811,NCT02727738,[18-65]
1811,NCT02727738,[65 and more]
1820,NCT02764554,[0-17]
1820,NCT02764554,[18-65]
1820,NCT02764554,[65 and more]
1822,NCT02766660,[0-17]
1822,NCT02766660,[18-65]
1822,NCT02766660,[65 and more]
1831,NCT02772705,[18-65]
1831,NCT02772705,[65 and more]
1836,NCT02778412,[18-65]
1836,NCT02778412,[65 and more]
1839,NCT02784223,[18-65]
1839,NCT02784223,[65 and more]
1842,NCT02787486,[18-65]
1844,NCT02798965,[18-65]
1844,NCT02798965,[65 and more]
1849,NCT02824016,[18-65]
1849,NCT02824016,[65 and more]
1851,NCT02824718,[18-65]
1851,NCT02824718,[65 and more]
1855,NCT02830789,[18-65]
1855,NCT02830789,[65 and more]
1856,NCT02831179,[18-65]
1856,NCT02831179,[65 and more]
1857,NCT02833857,[0-17]
1863,NCT02839655,[18-65]
1863,NCT02839655,[65 and more]
1864,NCT02843542,[18-65]
1867,NCT02845336,[18-65]
1867,NCT02845336,[65 and more]
1873,NCT02854345,[18-65]
1873,NCT02854345,[65 and more]
1877,NCT02859896,[0-17]
1877,NCT02859896,[18-65]
1878,NCT02862470,[18-65]
1878,NCT02862470,[65 and more]
1888,NCT02890472,[18-65]
1888,NCT02890472,[65 and more]
1892,NCT02895061,[18-65]
1892,NCT02895061,[65 and more]
1895,NCT02895906,[0-17]
1897,NCT02904330,[18-65]
1897,NCT02904330,[65 and more]
1903,NCT02915172,[18-65]
1903,NCT02915172,[65 and more]
1908,NCT02946918,[18-65]
1908,NCT02946918,[65 and more]
1915,NCT02953288,[18-65]
1915,NCT02953288,[65 and more]
1917,NCT02966093,[18-65]
1917,NCT02966093,[65 and more]
1918,NCT02973802,[18-65]
1918,NCT02973802,[65 and more]
1923,NCT02973997,[18-65]
1923,NCT02973997,[65 and more]
1928,NCT02989103,[18-65]
1928,NCT02989103,[65 and more]
1929,NCT02989428,[18-65]
1929,NCT02989428,[65 and more]
1932,NCT02993302,[18-65]
1932,NCT02993302,[65 and more]
1936,NCT03002623,[18-65]
1936,NCT03002623,[65 and more]
1940,NCT03004209,[18-65]
1940,NCT03004209,[65 and more]
1942,NCT03009279,[0-17]
1942,NCT03009279,[18-65]
1942,NCT03009279,[65 and more]
1946,NCT03009357,[18-65]
1949,NCT03011736,[18-65]
1949,NCT03011736,[65 and more]
1952,NCT03012620,[0-17]
1952,NCT03012620,[18-65]
1952,NCT03012620,[65 and more]
1953,NCT03013257,[18-65]
1953,NCT03013257,[65 and more]
1956,NCT03023748,[18-65]
1956,NCT03023748,[65 and more]
1962,NCT03027557,[18-65]
1962,NCT03027557,[65 and more]
1970,NCT03032198,[18-65]
1970,NCT03032198,[65 and more]
1973,NCT03036956,[18-65]
1976,NCT03039439,[0-17]
1976,NCT03039439,[18-65]
1976,NCT03039439,[65 and more]
1983,NCT03046524,[18-65]
1983,NCT03046524,[65 and more]
1988,NCT03051126,[0-17]
1988,NCT03051126,[18-65]
1988,NCT03051126,[65 and more]
1991,NCT03052075,[0-17]
1991,NCT03052075,[18-65]
1991,NCT03052075,[65 and more]
1995,NCT03057925,[18-65]
1995,NCT03057925,[65 and more]
1997,NCT03061318,[18-65]
1997,NCT03061318,[65 and more]
2001,NCT03063190,[18-65]
2001,NCT03063190,[65 and more]
2006,NCT03066076,[18-65]
2006,NCT03066076,[65 and more]
2008,NCT03072160,[18-65]
2008,NCT03072160,[65 and more]
2013,NCT03082742,[18-65]
2013,NCT03082742,[65 and more]
2019,NCT03091140,[18-65]
2019,NCT03091140,[65 and more]
2020,NCT03093909,[0-17]
2020,NCT03093909,[18-65]
2021,NCT03094416,[18-65]
2021,NCT03094416,[65 and more]
2023,NCT03096613,[18-65]
2023,NCT03096613,[65 and more]
2024,NCT03098225,[18-65]
2024,NCT03098225,[65 and more]
2029,NCT03102099,[18-65]
2029,NCT03102099,[65 and more]
2031,NCT03102177,[18-65]
2031,NCT03102177,[65 and more]
2032,NCT03103607,[18-65]
2032,NCT03103607,[65 and more]
2039,NCT03105648,[18-65]
2039,NCT03105648,[65 and more]
2040,NCT03106337,[18-65]
2040,NCT03106337,[65 and more]
2042,NCT03106935,[18-65]
2043,NCT03107078,[18-65]
2043,NCT03107078,[65 and more]
2047,NCT03108222,[18-65]
2047,NCT03108222,[65 and more]
2050,NCT03109847,[18-65]
2050,NCT03109847,[65 and more]
2051,NCT03110835,[18-65]
2051,NCT03110835,[65 and more]
2054,NCT03110848,[18-65]
2054,NCT03110848,[65 and more]
2060,NCT03114267,[18-65]
2060,NCT03114267,[65 and more]
2061,NCT03115515,[18-65]
2062,NCT03120221,[18-65]
2064,NCT03122496,[18-65]
2064,NCT03122496,[65 and more]
2065,NCT03122847,[18-65]
2065,NCT03122847,[65 and more]
2071,NCT03123406,[18-65]
2071,NCT03123406,[65 and more]
2074,NCT03128255,[18-65]
2074,NCT03128255,[65 and more]
2076,NCT03131206,[18-65]
2076,NCT03131206,[65 and more]
2077,NCT03131726,[18-65]
2077,NCT03131726,[65 and more]
2081,NCT03134976,[18-65]
2081,NCT03134976,[65 and more]
2084,NCT03137316,[18-65]
2084,NCT03137316,[65 and more]
2089,NCT03157466,[18-65]
2089,NCT03157466,[65 and more]
2090,NCT03158961,[18-65]
2090,NCT03158961,[65 and more]
2093,NCT03160482,[18-65]
2093,NCT03160482,[65 and more]
2095,NCT03162627,[18-65]
2095,NCT03162627,[65 and more]
2096,NCT03167385,[18-65]
2096,NCT03167385,[65 and more]
2101,NCT03174925,[18-65]
2101,NCT03174925,[65 and more]
2103,NCT03178253,[18-65]
2103,NCT03178253,[65 and more]
2108,NCT03182699,[18-65]
2108,NCT03182699,[65 and more]
2110,NCT03183752,[18-65]
2110,NCT03183752,[65 and more]
2115,NCT03194087,[18-65]
2115,NCT03194087,[65 and more]
2116,NCT03195296,[18-65]
2116,NCT03195296,[65 and more]
2121,NCT03199677,[18-65]
2121,NCT03199677,[65 and more]
2125,NCT03211117,[18-65]
2125,NCT03211117,[65 and more]
2130,NCT03226171,[18-65]
2130,NCT03226171,[65 and more]
2131,NCT03239769,[18-65]
2131,NCT03239769,[65 and more]
2132,NCT03244956,[18-65]
2132,NCT03244956,[65 and more]
2136,NCT03249012,[18-65]
2136,NCT03249012,[65 and more]
2138,NCT03257930,[0-17]
2138,NCT03257930,[18-65]
2141,NCT03268785,[18-65]
2143,NCT03271892,[18-65]
2143,NCT03271892,[65 and more]
2145,NCT03274258,[18-65]
2145,NCT03274258,[65 and more]
2146,NCT03278964,[18-65]
2146,NCT03278964,[65 and more]
2151,NCT03280264,[18-65]
2151,NCT03280264,[65 and more]
2154,NCT03283098,[18-65]
2154,NCT03283098,[65 and more]
2158,NCT03284060,[0-17]
2160,NCT03285854,[0-17]
2160,NCT03285854,[18-65]
2168,NCT03295955,[18-65]
2168,NCT03295955,[65 and more]
2170,NCT03298867,[18-65]
2170,NCT03298867,[65 and more]
2174,NCT03299244,[18-65]
2174,NCT03299244,[65 and more]
2176,NCT03300284,[18-65]
2176,NCT03300284,[65 and more]
2179,NCT03303053,[18-65]
2179,NCT03303053,[65 and more]
2182,NCT03307694,[18-65]
2182,NCT03307694,[65 and more]
2184,NCT03309384,[0-17]
2184,NCT03309384,[18-65]
2184,NCT03309384,[65 and more]
2186,NCT03309631,[18-65]
2186,NCT03309631,[65 and more]
2188,NCT03324022,[18-65]
2188,NCT03324022,[65 and more]
2192,NCT03324334,[18-65]
2192,NCT03324334,[65 and more]
2197,NCT03324893,[18-65]
2197,NCT03324893,[65 and more]
2200,NCT03327636,[18-65]
2200,NCT03327636,[65 and more]
2202,NCT03331172,[18-65]
2202,NCT03331172,[65 and more]
2208,NCT03363347,[18-65]
2208,NCT03363347,[65 and more]
2212,NCT03375359,[18-65]
2212,NCT03375359,[65 and more]
2217,NCT03382158,[0-17]
2217,NCT03382158,[18-65]
2217,NCT03382158,[65 and more]
2218,NCT03387943,[18-65]
2218,NCT03387943,[65 and more]
2223,NCT03395925,[18-65]
2223,NCT03395925,[65 and more]
2228,NCT03420963,[0-17]
2228,NCT03420963,[18-65]
2229,NCT03425747,[18-65]
2229,NCT03425747,[65 and more]
2234,NCT03434067,[18-65]
2234,NCT03434067,[65 and more]
2235,NCT03435952,[18-65]
2235,NCT03435952,[65 and more]
2238,NCT03440697,[0-17]
2238,NCT03440697,[18-65]
2238,NCT03440697,[65 and more]
2243,NCT03447093,[18-65]
2243,NCT03447093,[65 and more]
2249,NCT03461211,[18-65]
2249,NCT03461211,[65 and more]
2255,NCT03464149,[18-65]
2255,NCT03464149,[65 and more]
2262,NCT03469310,[18-65]
2262,NCT03469310,[65 and more]
2271,NCT03484416,[18-65]
2271,NCT03484416,[65 and more]
2275,NCT03498183,[18-65]
2275,NCT03498183,[65 and more]
2282,NCT03498417,[18-65]
2282,NCT03498417,[65 and more]
2292,NCT03515863,[18-65]
2292,NCT03515863,[65 and more]
2296,NCT03516747,[18-65]
2296,NCT03516747,[65 and more]
2300,NCT03517267,[18-65]
2300,NCT03517267,[65 and more]
2302,NCT03517579,[18-65]
2302,NCT03517579,[65 and more]
2309,NCT03530462,[0-17]
2309,NCT03530462,[18-65]
2311,NCT03535090,[18-65]
2311,NCT03535090,[65 and more]
2314,NCT03535974,[18-65]
2314,NCT03535974,[65 and more]
2319,NCT03543891,[18-65]
2319,NCT03543891,[65 and more]
2325,NCT03566537,[18-65]
2325,NCT03566537,[65 and more]
2327,NCT03569787,[0-17]
2327,NCT03569787,[18-65]
2327,NCT03569787,[65 and more]
2330,NCT03574051,[18-65]
2330,NCT03574051,[65 and more]
2333,NCT03588884,[18-65]
2333,NCT03588884,[65 and more]
2336,NCT03590080,[18-65]
2336,NCT03590080,[65 and more]
2339,NCT03602261,[18-65]
2339,NCT03602261,[65 and more]
2344,NCT03605472,[18-65]
2344,NCT03605472,[65 and more]
2346,NCT03606824,[18-65]
2346,NCT03606824,[65 and more]
2349,NCT03614988,[18-65]
2349,NCT03614988,[65 and more]
2356,NCT03626246,[18-65]
2356,NCT03626246,[65 and more]
2357,NCT03626948,[18-65]
2357,NCT03626948,[65 and more]
2365,NCT03633708,[0-17]
2365,NCT03633708,[18-65]
2374,NCT03641638,[18-65]
2377,NCT03643081,[18-65]
2377,NCT03643081,[65 and more]
2379,NCT03646383,[18-65]
2379,NCT03646383,[65 and more]
2387,NCT03660800,[18-65]
2388,NCT03667157,[18-65]
2388,NCT03667157,[65 and more]
2392,NCT03669432,[18-65]
2392,NCT03669432,[65 and more]
2396,NCT03676647,[18-65]
2396,NCT03676647,[65 and more]
2399,NCT03699098,[18-65]
2399,NCT03699098,[65 and more]
2401,NCT03700762,[0-17]
2401,NCT03700762,[18-65]
2401,NCT03700762,[65 and more]
2402,NCT03708627,[18-65]
2402,NCT03708627,[65 and more]
2406,NCT03712683,[18-65]
2409,NCT03713671,[18-65]
2409,NCT03713671,[65 and more]
2412,NCT03716128,[18-65]
2412,NCT03716128,[65 and more]
2414,NCT03718403,[0-17]
2414,NCT03718403,[18-65]
2418,NCT03724188,[18-65]
2418,NCT03724188,[65 and more]
2423,NCT03732157,[18-65]
2423,NCT03732157,[65 and more]
2424,NCT03732495,[18-65]
2424,NCT03732495,[65 and more]
2429,NCT03753919,[18-65]
2429,NCT03753919,[65 and more]
2434,NCT03761290,[0-17]
2434,NCT03761290,[18-65]
2436,NCT03764007,[0-17]
2436,NCT03764007,[18-65]
2436,NCT03764007,[65 and more]
2440,NCT03772496,[18-65]
2440,NCT03772496,[65 and more]
2442,NCT03773120,[18-65]
2442,NCT03773120,[65 and more]
2443,NCT03774771,[18-65]
2443,NCT03774771,[65 and more]
2446,NCT03774862,[0-17]
2446,NCT03774862,[18-65]
2446,NCT03774862,[65 and more]
2449,NCT03776058,[18-65]
2449,NCT03776058,[65 and more]
2454,NCT03801980,[18-65]
2454,NCT03801980,[65 and more]
2456,NCT03808779,[18-65]
2456,NCT03808779,[65 and more]
2457,NCT03813173,[18-65]
2457,NCT03813173,[65 and more]
2460,NCT03813706,[18-65]
2460,NCT03813706,[65 and more]
2461,NCT03822507,[18-65]
2461,NCT03822507,[65 and more]
2469,NCT03830242,[18-65]
2469,NCT03830242,[65 and more]
2471,NCT03831620,[18-65]
2471,NCT03831620,[65 and more]
2475,NCT03835728,[18-65]
2475,NCT03835728,[65 and more]
2476,NCT03836300,[0-17]
2476,NCT03836300,[18-65]
2476,NCT03836300,[65 and more]
2480,NCT03845647,[18-65]
2480,NCT03845647,[65 and more]
2481,NCT03866382,[18-65]
2481,NCT03866382,[65 and more]
2485,NCT03872284,[18-65]
2485,NCT03872284,[65 and more]
2487,NCT03878953,[18-65]
2487,NCT03878953,[65 and more]
2488,NCT03880578,[18-65]
2488,NCT03880578,[65 and more]
2490,NCT03884140,[18-65]
2490,NCT03884140,[65 and more]
2492,NCT03887611,[18-65]
2492,NCT03887611,[65 and more]
2493,NCT03889431,[18-65]
2497,NCT03891043,[18-65]
2497,NCT03891043,[65 and more]
2501,NCT03896958,[0-17]
2501,NCT03896958,[18-65]
2501,NCT03896958,[65 and more]
2502,NCT03898622,[18-65]
2502,NCT03898622,[65 and more]
2507,NCT03910049,[18-65]
2507,NCT03910049,[65 and more]
2511,NCT03922321,[18-65]
2511,NCT03922321,[65 and more]
2515,NCT03924804,[18-65]
2515,NCT03924804,[65 and more]
2519,NCT03931109,[18-65]
2519,NCT03931109,[65 and more]
2522,NCT03935984,[18-65]
2522,NCT03935984,[65 and more]
2525,NCT03937349,[18-65]
2525,NCT03937349,[65 and more]
2527,NCT03938545,[18-65]
2527,NCT03938545,[65 and more]
2531,NCT03941184,[18-65]
2531,NCT03941184,[65 and more]
2538,NCT03948191,[18-65]
2538,NCT03948191,[65 and more]
2545,NCT03957616,[0-17]
2545,NCT03957616,[18-65]
2545,NCT03957616,[65 and more]
2547,NCT03960437,[18-65]
2547,NCT03960437,[65 and more]
2550,NCT03960554,[18-65]
2550,NCT03960554,[65 and more]
2556,NCT03969108,[18-65]
2556,NCT03969108,[65 and more]
2560,NCT03969329,[0-17]
2568,NCT03980132,[18-65]
2568,NCT03980132,[65 and more]
2572,NCT03986593,[18-65]
2572,NCT03986593,[65 and more]
2580,NCT04009863,[18-65]
2580,NCT04009863,[65 and more]
2582,NCT04012476,[18-65]
2582,NCT04012476,[65 and more]
2584,NCT04013100,[18-65]
2584,NCT04013100,[65 and more]
2589,NCT04013139,[18-65]
2589,NCT04013139,[65 and more]
2591,NCT04019379,[18-65]
2591,NCT04019379,[65 and more]
2593,NCT04025034,[18-65]
2593,NCT04025034,[65 and more]
2600,NCT04031638,[18-65]
2600,NCT04031638,[65 and more]
2602,NCT04040946,[18-65]
2602,NCT04040946,[65 and more]
2606,NCT04046354,[18-65]
2606,NCT04046354,[65 and more]
2611,NCT04053114,[18-65]
2611,NCT04053114,[65 and more]
2618,NCT04064827,[0-17]
2623,NCT04075851,[18-65]
2623,NCT04075851,[65 and more]
2626,NCT04080505,[18-65]
2626,NCT04080505,[65 and more]
2629,NCT04085419,[0-17]
2629,NCT04085419,[18-65]
2629,NCT04085419,[65 and more]
2633,NCT04085913,[18-65]
2633,NCT04085913,[65 and more]
2634,NCT04096612,[18-65]
2634,NCT04096612,[65 and more]
2642,NCT04106596,[18-65]
2642,NCT04106596,[65 and more]
2643,NCT04106843,[18-65]
2643,NCT04106843,[65 and more]
2647,NCT04126954,[0-17]
2647,NCT04126954,[18-65]
2647,NCT04126954,[65 and more]
2652,NCT04129281,[18-65]
2652,NCT04129281,[65 and more]
2657,NCT04135573,[18-65]
2657,NCT04135573,[65 and more]
2663,NCT04141540,[18-65]
2665,NCT04146259,[18-65]
2665,NCT04146259,[65 and more]
2669,NCT04171622,[18-65]
2669,NCT04171622,[65 and more]
2673,NCT04175522,[0-17]
2673,NCT04175522,[18-65]
2673,NCT04175522,[65 and more]
2674,NCT04178928,[0-17]
2675,NCT04180007,[18-65]
2675,NCT04180007,[65 and more]
2676,NCT04193332,[18-65]
2676,NCT04193332,[65 and more]
2683,NCT04216732,[18-65]
2683,NCT04216732,[65 and more]
2685,NCT04233398,[18-65]
2685,NCT04233398,[65 and more]
2693,NCT04239521,[0-17]
2693,NCT04239521,[18-65]
2693,NCT04239521,[65 and more]
2699,NCT04248114,[18-65]
2699,NCT04248114,[65 and more]
2704,NCT04267965,[18-65]
2704,NCT04267965,[65 and more]
2707,NCT04268407,[18-65]
2707,NCT04268407,[65 and more]
2708,NCT04270110,[0-17]
2708,NCT04270110,[18-65]
2713,NCT04281875,[18-65]
2713,NCT04281875,[65 and more]
2714,NCT04284774,[0-17]
2714,NCT04284774,[18-65]
2716,NCT04288115,[18-65]
2716,NCT04288115,[65 and more]
2717,NCT04288531,[18-65]
2719,NCT04298684,[18-65]
2719,NCT04298684,[65 and more]
2721,NCT04299425,[18-65]
2721,NCT04299425,[65 and more]
2727,NCT04304794,[18-65]
2727,NCT04304794,[65 and more]
2729,NCT04305561,[18-65]
2729,NCT04305561,[65 and more]
2734,NCT04311606,[18-65]
2734,NCT04311606,[65 and more]
2739,NCT04312646,[0-17]
2739,NCT04312646,[18-65]
2739,NCT04312646,[65 and more]
2746,NCT04329455,[18-65]
2749,NCT04333342,[18-65]
2756,NCT04339127,[0-17]
2756,NCT04339127,[18-65]
2756,NCT04339127,[65 and more]
2759,NCT04339205,[0-17]
2759,NCT04339205,[18-65]
2759,NCT04339205,[65 and more]
2763,NCT04344886,[18-65]
2763,NCT04344886,[65 and more]
2768,NCT04354896,[65 and more]
2770,NCT04359979,[18-65]
2770,NCT04359979,[65 and more]
2776,NCT04373226,[0-17]
2777,NCT04376203,[0-17]
2777,NCT04376203,[18-65]
2777,NCT04376203,[65 and more]
2778,NCT04383795,[18-65]
2778,NCT04383795,[65 and more]
2782,NCT04391439,[18-65]
2782,NCT04391439,[65 and more]
2786,NCT04396158,[0-17]
2786,NCT04396158,[18-65]
2791,NCT04396912,[0-17]
2791,NCT04396912,[18-65]
2791,NCT04396912,[65 and more]
2795,NCT04410601,[0-17]
2795,NCT04410601,[18-65]
2795,NCT04410601,[65 and more]
2799,NCT04411290,[0-17]
2799,NCT04411290,[18-65]
2799,NCT04411290,[65 and more]
2802,NCT04412694,[18-65]
2802,NCT04412694,[65 and more]
2807,NCT04424485,[0-17]
2807,NCT04424485,[18-65]
2807,NCT04424485,[65 and more]
2810,NCT04433936,[0-17]
2810,NCT04433936,[18-65]
2810,NCT04433936,[65 and more]
2815,NCT04450472,[18-65]
2815,NCT04450472,[65 and more]
2817,NCT04458233,[18-65]
2817,NCT04458233,[65 and more]
2822,NCT04463316,[18-65]
2822,NCT04463316,[65 and more]
2824,NCT04463719,[18-65]
2824,NCT04463719,[65 and more]
2825,NCT04467021,[18-65]
2825,NCT04467021,[65 and more]
2827,NCT04472026,[18-65]
2827,NCT04472026,[65 and more]
2831,NCT04477798,[18-65]
2831,NCT04477798,[65 and more]
2834,NCT04482907,[18-65]
2834,NCT04482907,[65 and more]
2840,NCT04484116,[18-65]
2840,NCT04484116,[65 and more]
2845,NCT04488406,[18-65]
2845,NCT04488406,[65 and more]
2848,NCT04488640,[18-65]
2848,NCT04488640,[65 and more]
2854,NCT04509011,[18-65]
2854,NCT04509011,[65 and more]
2855,NCT04514484,[18-65]
2855,NCT04514484,[65 and more]
2860,NCT04522622,[18-65]
2860,NCT04522622,[65 and more]
2863,NCT04523974,[18-65]
2863,NCT04523974,[65 and more]
2869,NCT04548284,[18-65]
2869,NCT04548284,[65 and more]
2878,NCT04560127,[18-65]
2878,NCT04560127,[65 and more]
2883,NCT04564924,[18-65]
2883,NCT04564924,[65 and more]
2888,NCT04569604,[18-65]
2888,NCT04569604,[65 and more]
2891,NCT04570033,[0-17]
2891,NCT04570033,[18-65]
2891,NCT04570033,[65 and more]
2892,NCT04574258,[18-65]
2892,NCT04574258,[65 and more]
2895,NCT04574947,[18-65]
2895,NCT04574947,[65 and more]
2898,NCT04577664,[18-65]
2898,NCT04577664,[65 and more]
2903,NCT04580199,[18-65]
2903,NCT04580199,[65 and more]
2904,NCT04583735,[18-65]
2904,NCT04583735,[65 and more]
2912,NCT04598815,[18-65]
2912,NCT04598815,[65 and more]
2919,NCT04601298,[18-65]
2919,NCT04601298,[65 and more]
2921,NCT04604808,[18-65]
2921,NCT04604808,[65 and more]
2923,NCT04608253,[18-65]
2923,NCT04608253,[65 and more]
2926,NCT04610723,[18-65]
2926,NCT04610723,[65 and more]
2935,NCT04614389,[18-65]
2935,NCT04614389,[65 and more]
2940,NCT04632524,[18-65]
2940,NCT04632524,[65 and more]
2942,NCT04637360,[18-65]
2942,NCT04637360,[65 and more]
2945,NCT04639388,[0-17]
2947,NCT04639960,[0-17]
2947,NCT04639960,[18-65]
2950,NCT04647006,[18-65]
2950,NCT04647006,[65 and more]
2953,NCT04647500,[0-17]
2953,NCT04647500,[18-65]
2955,NCT04662190,[18-65]
2955,NCT04662190,[65 and more]
2959,NCT04663451,[18-65]
2959,NCT04663451,[65 and more]
2964,NCT04666103,[18-65]
2964,NCT04666103,[65 and more]
2969,NCT04671719,[0-17]
2969,NCT04671719,[18-65]
2969,NCT04671719,[65 and more]
2973,NCT04680650,[18-65]
2973,NCT04680650,[65 and more]
2974,NCT04682340,[18-65]
2981,NCT04683575,[18-65]
2981,NCT04683575,[65 and more]
2982,NCT04686006,[0-17]
2982,NCT04686006,[18-65]
2982,NCT04686006,[65 and more]
2985,NCT04690842,[0-17]
2985,NCT04690842,[18-65]
2994,NCT04704414,[18-65]
2994,NCT04704414,[65 and more]
3001,NCT04708626,[0-17]
3001,NCT04708626,[18-65]
3001,NCT04708626,[65 and more]
3006,NCT04714918,[0-17]
3006,NCT04714918,[18-65]
3006,NCT04714918,[65 and more]
3007,NCT04730726,[18-65]
3007,NCT04730726,[65 and more]
3012,NCT04731740,[18-65]
3012,NCT04731740,[65 and more]
3015,NCT04737330,[18-65]
3015,NCT04737330,[65 and more]
3021,NCT04740502,[0-17]
3021,NCT04740502,[18-65]
3021,NCT04740502,[65 and more]
3031,NCT04750460,[18-65]
3031,NCT04750460,[65 and more]
3040,NCT04759053,[18-65]
3040,NCT04759053,[65 and more]
3046,NCT04763122,[0-17]
3046,NCT04763122,[18-65]
3046,NCT04763122,[65 and more]
3047,NCT04767763,[0-17]
3047,NCT04767763,[18-65]
3047,NCT04767763,[65 and more]
3048,NCT04776993,[18-65]
3048,NCT04776993,[65 and more]
3057,NCT04782856,[18-65]
3057,NCT04782856,[65 and more]
3059,NCT04785443,[18-65]
3059,NCT04785443,[65 and more]
3063,NCT04789993,[0-17]
3063,NCT04789993,[18-65]
3063,NCT04789993,[65 and more]
3069,NCT04798092,[18-65]
3069,NCT04798092,[65 and more]
3076,NCT04806672,[18-65]
3077,NCT04809454,[18-65]
3081,NCT04823728,[18-65]
3081,NCT04823728,[65 and more]
3084,NCT04842994,[0-17]
3084,NCT04842994,[18-65]
3084,NCT04842994,[65 and more]
3086,NCT04844164,[18-65]
3088,NCT04846010,[0-17]
3088,NCT04846010,[18-65]
3088,NCT04846010,[65 and more]
3091,NCT04856488,[18-65]
3091,NCT04856488,[65 and more]
3104,NCT04876534,[18-65]
3104,NCT04876534,[65 and more]
3107,NCT04877613,[18-65]
3107,NCT04877613,[65 and more]
3111,NCT04879173,[0-17]
3111,NCT04879173,[18-65]
3111,NCT04879173,[65 and more]
3112,NCT04879355,[18-65]
3112,NCT04879355,[65 and more]
3115,NCT04883294,[18-65]
3115,NCT04883294,[65 and more]
3119,NCT04895631,[0-17]
3119,NCT04895631,[18-65]
3119,NCT04895631,[65 and more]
3125,NCT04905641,[0-17]
3125,NCT04905641,[18-65]
3125,NCT04905641,[65 and more]
3127,NCT04916262,[18-65]
3127,NCT04916262,[65 and more]
3128,NCT04919694,[18-65]
3128,NCT04919694,[65 and more]
3134,NCT04922892,[18-65]
3134,NCT04922892,[65 and more]
3137,NCT04927416,[18-65]
3137,NCT04927416,[65 and more]
3138,NCT04927468,[18-65]
3138,NCT04927468,[65 and more]
3144,NCT04932135,[18-65]
3144,NCT04932135,[65 and more]
3146,NCT04936854,[18-65]
3146,NCT04936854,[65 and more]
3153,NCT04942769,[18-65]
3153,NCT04942769,[65 and more]
3159,NCT04948671,[18-65]
3159,NCT04948671,[65 and more]
3164,NCT04953195,[18-65]
3164,NCT04953195,[65 and more]
3168,NCT04969926,[0-17]
3168,NCT04969926,[18-65]
3168,NCT04969926,[65 and more]
3174,NCT04976816,[18-65]
3174,NCT04976816,[65 and more]
3178,NCT04988802,[18-65]
3178,NCT04988802,[65 and more]
3179,NCT04994080,[18-65]
3179,NCT04994080,[65 and more]
3182,NCT04998968,[18-65]
3182,NCT04998968,[65 and more]
3185,NCT05002998,[18-65]
3185,NCT05002998,[65 and more]
3191,NCT05007093,[18-65]
3191,NCT05007093,[65 and more]
3192,NCT05012033,[18-65]
3192,NCT05012033,[65 and more]
3197,NCT05015127,[18-65]
3197,NCT05015127,[65 and more]
3204,NCT05017142,[0-17]
3204,NCT05017142,[18-65]
3204,NCT05017142,[65 and more]
3205,NCT05019118,[18-65]
3205,NCT05019118,[65 and more]
3208,NCT05022641,[18-65]
3208,NCT05022641,[65 and more]
3218,NCT05043233,[18-65]
3218,NCT05043233,[65 and more]
3224,NCT05049603,[18-65]
3224,NCT05049603,[65 and more]
3231,NCT05059470,[18-65]
3231,NCT05059470,[65 and more]
3232,NCT05068687,[18-65]
3232,NCT05068687,[65 and more]
3235,NCT05070091,[18-65]
3235,NCT05070091,[65 and more]
3244,NCT05096195,[18-65]
3244,NCT05096195,[65 and more]
3246,NCT05098600,[0-17]
3246,NCT05098600,[18-65]
3246,NCT05098600,[65 and more]
3253,NCT05108298,[18-65]
3254,NCT05110040,[18-65]
3254,NCT05110040,[65 and more]
3258,NCT05112211,[18-65]
3258,NCT05112211,[65 and more]
3264,NCT05117853,[18-65]
3264,NCT05117853,[65 and more]
3268,NCT05118542,[18-65]
3268,NCT05118542,[65 and more]
3270,NCT05119296,[18-65]
3270,NCT05119296,[65 and more]
3272,NCT05126147,[18-65]
3272,NCT05126147,[65 and more]
3276,NCT05126706,[18-65]
3276,NCT05126706,[65 and more]
3277,NCT05130476,[18-65]
3277,NCT05130476,[65 and more]
3283,NCT05142904,[18-65]
3283,NCT05142904,[65 and more]
3287,NCT05149898,[0-17]
3295,NCT05176639,[18-65]
3295,NCT05176639,[65 and more]
3301,NCT05177939,[0-17]
3301,NCT05177939,[18-65]
3301,NCT05177939,[65 and more]
3303,NCT05180214,[18-65]
3307,NCT05186883,[18-65]
3307,NCT05186883,[65 and more]
3309,NCT05189314,[18-65]
3309,NCT05189314,[65 and more]
3311,NCT05189808,[18-65]
3311,NCT05189808,[65 and more]
3313,NCT05189821,[18-65]
3313,NCT05189821,[65 and more]
3319,NCT05199103,[18-65]
3319,NCT05199103,[65 and more]
3324,NCT05214274,[18-65]
3324,NCT05214274,[65 and more]
3326,NCT05216718,[18-65]
3326,NCT05216718,[65 and more]
3329,NCT05221008,[18-65]
3329,NCT05221008,[65 and more]
3333,NCT05225883,[0-17]
3333,NCT05225883,[18-65]
3333,NCT05225883,[65 and more]
3336,NCT05229341,[18-65]
3336,NCT05229341,[65 and more]
3338,NCT05239221,[18-65]
3338,NCT05239221,[65 and more]
3342,NCT05241626,[0-17]
3342,NCT05241626,[18-65]
3342,NCT05241626,[65 and more]
3348,NCT05242055,[18-65]
3348,NCT05242055,[65 and more]
3362,NCT05264857,[18-65]
3362,NCT05264857,[65 and more]
3367,NCT05276063,[18-65]
3367,NCT05276063,[65 and more]
3371,NCT05276856,[18-65]
3371,NCT05276856,[65 and more]
3373,NCT05280379,[18-65]
3373,NCT05280379,[65 and more]
3376,NCT05280600,[0-17]
3376,NCT05280600,[18-65]
3377,NCT05286801,[0-17]
3377,NCT05286801,[18-65]
3377,NCT05286801,[65 and more]
3379,NCT05290493,[0-17]
3381,NCT05299437,[18-65]
3381,NCT05299437,[65 and more]
3382,NCT05299632,[18-65]
3382,NCT05299632,[65 and more]
3386,NCT05316922,[0-17]
3386,NCT05316922,[18-65]
3386,NCT05316922,[65 and more]
3393,NCT05329935,[0-17]
3393,NCT05329935,[18-65]
3397,NCT05345119,[18-65]
3397,NCT05345119,[65 and more]
3403,NCT05347082,[0-17]
3403,NCT05347082,[18-65]
3403,NCT05347082,[65 and more]
3406,NCT02378233,[18-65]
3407,NCT02742597,[18-65]
3407,NCT02742597,[65 and more]
3408,NCT02789800,[18-65]
3408,NCT02789800,[65 and more]
3410,NCT02966405,[18-65]
3411,NCT03149354,[18-65]
3411,NCT03149354,[65 and more]
3415,NCT03922087,[18-65]
3416,NCT03932487,[18-65]
3417,NCT04019509,[18-65]
3418,NCT04208503,[0-17]
3420,NCT04323007,[18-65]
3420,NCT04323007,[65 and more]
3422,NCT04388956,[0-17]
3422,NCT04388956,[18-65]
3422,NCT04388956,[65 and more]
3426,NCT04571736,[18-65]
3426,NCT04571736,[65 and more]
3427,NCT04585126,[18-65]
3427,NCT04585126,[65 and more]
3428,NCT04615988,[18-65]
3428,NCT04615988,[65 and more]
3429,NCT04658524,[18-65]
3429,NCT04658524,[65 and more]
3430,NCT04684953,[0-17]
3430,NCT04684953,[18-65]
3431,NCT04708704,[18-65]
3431,NCT04708704,[65 and more]
3434,NCT04845867,[18-65]
3434,NCT04845867,[65 and more]
3435,NCT04936698,[18-65]
3437,NCT04991493,[18-65]
3437,NCT04991493,[65 and more]
3438,NCT05016518,[18-65]
3438,NCT05016518,[65 and more]
3440,NCT05103774,[0-17]
3441,NCT05126108,[18-65]
3441,NCT05126108,[65 and more]
3442,NCT05151120,[18-65]
3442,NCT05151120,[65 and more]
3443,NCT05251194,[18-65]
3443,NCT05251194,[65 and more]
3444,NCT05323539,[18-65]
3449,NCT00001160,[0-17]
3449,NCT00001160,[18-65]
3449,NCT00001160,[65 and more]
3452,NCT00001242,[0-17]
3452,NCT00001242,[18-65]
3452,NCT00001242,[65 and more]
3454,NCT00001304,[0-17]
3454,NCT00001304,[18-65]
3454,NCT00001304,[65 and more]
3455,NCT00001394,[0-17]
3455,NCT00001394,[18-65]
3455,NCT00001394,[65 and more]
3456,NCT00001730,[0-17]
3456,NCT00001730,[18-65]
3456,NCT00001730,[65 and more]
3461,NCT00004361,[18-65]
3461,NCT00004361,[65 and more]
3462,NCT00004661,[0-17]
3462,NCT00004661,[18-65]
3462,NCT00004661,[65 and more]
3463,NCT00004843,[18-65]
3463,NCT00004843,[65 and more]
3464,NCT00005184,[0-17]
3464,NCT00005184,[18-65]
3464,NCT00005184,[65 and more]
3465,NCT00006329,[0-17]
3465,NCT00006329,[18-65]
3465,NCT00006329,[65 and more]
3467,NCT00037518,[18-65]
3467,NCT00037518,[65 and more]
3478,NCT00080574,[0-17]
3478,NCT00080574,[18-65]
3478,NCT00080574,[65 and more]
3480,NCT00094055,[18-65]
3480,NCT00094055,[65 and more]
3481,NCT00094237,[18-65]
3481,NCT00094237,[65 and more]
3485,NCT00098345,[18-65]
3489,NCT00111735,[18-65]
3489,NCT00111735,[65 and more]
3490,NCT00115739,[18-65]
3490,NCT00115739,[65 and more]
3491,NCT00115895,[18-65]
3491,NCT00115895,[65 and more]
3495,NCT00121628,[18-65]
3495,NCT00121628,[65 and more]
3497,NCT00123760,[0-17]
3497,NCT00123760,[18-65]
3497,NCT00123760,[65 and more]
3498,NCT00124527,[18-65]
3498,NCT00124527,[65 and more]
3499,NCT00126568,[18-65]
3499,NCT00126568,[65 and more]
3506,NCT00144079,[18-65]
3506,NCT00144079,[65 and more]
3507,NCT00148213,[0-17]
3507,NCT00148213,[18-65]
3507,NCT00148213,[65 and more]
3509,NCT00151723,[18-65]
3509,NCT00151723,[65 and more]
3510,NCT00169806,[18-65]
3510,NCT00169806,[65 and more]
3512,NCT00176748,[18-65]
3512,NCT00176748,[65 and more]
3513,NCT00181168,[18-65]
3513,NCT00181168,[65 and more]
3514,NCT00196729,[18-65]
3514,NCT00196729,[65 and more]
3515,NCT00205348,[18-65]
3515,NCT00205348,[65 and more]
3516,NCT00206375,[0-17]
3518,NCT00215605,[18-65]
3518,NCT00215605,[65 and more]
3519,NCT00223158,[18-65]
3519,NCT00223158,[65 and more]
3520,NCT00230802,[0-17]
3520,NCT00230802,[18-65]
3520,NCT00230802,[65 and more]
3521,NCT00251316,[0-17]
3521,NCT00251316,[18-65]
3521,NCT00251316,[65 and more]
3524,NCT00271427,[0-17]
3524,NCT00271427,[18-65]
3524,NCT00271427,[65 and more]
3525,NCT00275171,[18-65]
3525,NCT00275171,[65 and more]
3526,NCT00277589,[18-65]
3526,NCT00277589,[65 and more]
3527,NCT00279721,[18-65]
3527,NCT00279721,[65 and more]
3528,NCT00280852,[0-17]
3528,NCT00280852,[18-65]
3528,NCT00280852,[65 and more]
3532,NCT00295763,[18-65]
3532,NCT00295763,[65 and more]
3534,NCT00336102,[18-65]
3534,NCT00336102,[65 and more]
3535,NCT00339716,[18-65]
3536,NCT00341094,[18-65]
3537,NCT00341185,[18-65]
3537,NCT00341185,[65 and more]
3538,NCT00342407,[18-65]
3538,NCT00342407,[65 and more]
3539,NCT00342446,[18-65]
3539,NCT00342446,[65 and more]
3543,NCT00354523,[0-17]
3543,NCT00354523,[18-65]
3543,NCT00354523,[65 and more]
3544,NCT00356512,[18-65]
3544,NCT00356512,[65 and more]
3545,NCT00358956,[18-65]
3545,NCT00358956,[65 and more]
3546,NCT00359385,[18-65]
3546,NCT00359385,[65 and more]
3547,NCT00373711,[18-65]
3547,NCT00373711,[65 and more]
3548,NCT00374595,[18-65]
3548,NCT00374595,[65 and more]
3549,NCT00377312,[18-65]
3551,NCT00379899,[18-65]
3551,NCT00379899,[65 and more]
3555,NCT00389441,[18-65]
3555,NCT00389441,[65 and more]
3556,NCT00395538,[18-65]
3556,NCT00395538,[65 and more]
3558,NCT00395902,[18-65]
3558,NCT00395902,[65 and more]
3564,NCT00403390,[0-17]
3564,NCT00403390,[18-65]
3565,NCT00403598,[18-65]
3565,NCT00403598,[65 and more]
3566,NCT00405405,[18-65]
3566,NCT00405405,[65 and more]
3567,NCT00410761,[18-65]
3567,NCT00410761,[65 and more]
3569,NCT00417612,[0-17]
3569,NCT00417612,[18-65]
3569,NCT00417612,[65 and more]
3574,NCT00435851,[18-65]
3574,NCT00435851,[65 and more]
3576,NCT00439478,[0-17]
3576,NCT00439478,[18-65]
3576,NCT00439478,[65 and more]
3578,NCT00451880,[18-65]
3578,NCT00451880,[65 and more]
3579,NCT00452049,[18-65]
3579,NCT00452049,[65 and more]
3580,NCT00454077,[18-65]
3580,NCT00454077,[65 and more]
3581,NCT00454220,[18-65]
3581,NCT00454220,[65 and more]
3583,NCT00459459,[0-17]
3583,NCT00459459,[18-65]
3583,NCT00459459,[65 and more]
3585,NCT00467506,[18-65]
3585,NCT00467506,[65 and more]
3588,NCT00471458,[0-17]
3588,NCT00471458,[18-65]
3588,NCT00471458,[65 and more]
3589,NCT00473265,[18-65]
3589,NCT00473265,[65 and more]
3591,NCT00488644,[18-65]
3591,NCT00488644,[65 and more]
3592,NCT00493103,[0-17]
3592,NCT00493103,[18-65]
3592,NCT00493103,[65 and more]
3593,NCT00497484,[0-17]
3593,NCT00497484,[18-65]
3594,NCT00497575,[0-17]
3595,NCT00501215,[18-65]
3595,NCT00501215,[65 and more]
3596,NCT00505479,[18-65]
3597,NCT00507429,[18-65]
3597,NCT00507429,[65 and more]
3598,NCT00510640,[18-65]
3598,NCT00510640,[65 and more]
3599,NCT00513032,[18-65]
3599,NCT00513032,[65 and more]
3600,NCT00514046,[0-17]
3600,NCT00514046,[18-65]
3604,NCT00524238,[18-65]
3604,NCT00524238,[65 and more]
3605,NCT00525122,[18-65]
3605,NCT00525122,[65 and more]
3606,NCT00527267,[18-65]
3606,NCT00527267,[65 and more]
3608,NCT00537095,[18-65]
3608,NCT00537095,[65 and more]
3611,NCT00538720,[18-65]
3611,NCT00538720,[65 and more]
3612,NCT00551486,[18-65]
3612,NCT00551486,[65 and more]
3614,NCT00552487,[18-65]
3614,NCT00552487,[65 and more]
3616,NCT00565864,[18-65]
3616,NCT00565864,[65 and more]
3617,NCT00566488,[0-17]
3617,NCT00566488,[18-65]
3618,NCT00568438,[18-65]
3618,NCT00568438,[65 and more]
3619,NCT00569920,[18-65]
3619,NCT00569920,[65 and more]
3623,NCT00573573,[0-17]
3623,NCT00573573,[18-65]
3623,NCT00573573,[65 and more]
3624,NCT00580788,[18-65]
3625,NCT00581828,[0-17]
3625,NCT00581828,[18-65]
3625,NCT00581828,[65 and more]
3626,NCT00582712,[18-65]
3626,NCT00582712,[65 and more]
3629,NCT00591032,[0-17]
3629,NCT00591032,[18-65]
3629,NCT00591032,[65 and more]
3630,NCT00598364,[0-17]
3630,NCT00598364,[18-65]
3630,NCT00598364,[65 and more]
3632,NCT00603941,[18-65]
3632,NCT00603941,[65 and more]
3633,NCT00604318,[18-65]
3633,NCT00604318,[65 and more]
3635,NCT00615537,[0-17]
3635,NCT00615537,[18-65]
3635,NCT00615537,[65 and more]
3638,NCT00625846,[18-65]
3638,NCT00625846,[65 and more]
3641,NCT00647140,[18-65]
3641,NCT00647140,[65 and more]
3646,NCT00668811,[18-65]
3646,NCT00668811,[65 and more]
3649,NCT00673010,[18-65]
3649,NCT00673010,[65 and more]
3652,NCT00687778,[18-65]
3652,NCT00687778,[65 and more]
3653,NCT00691990,[18-65]
3653,NCT00691990,[65 and more]
3654,NCT00692835,[18-65]
3654,NCT00692835,[65 and more]
3655,NCT00693147,[18-65]
3655,NCT00693147,[65 and more]
3657,NCT00704730,[18-65]
3657,NCT00704730,[65 and more]
3658,NCT00715572,[18-65]
3659,NCT00718770,[18-65]
3659,NCT00718770,[65 and more]
3660,NCT00719615,[18-65]
3660,NCT00719615,[65 and more]
3661,NCT00730210,[18-65]
3661,NCT00730210,[65 and more]
3662,NCT00732615,[18-65]
3662,NCT00732615,[65 and more]
3664,NCT00743782,[0-17]
3664,NCT00743782,[18-65]
3664,NCT00743782,[65 and more]
3665,NCT00744302,[0-17]
3665,NCT00744302,[18-65]
3665,NCT00744302,[65 and more]
3666,NCT00747760,[0-17]
3666,NCT00747760,[18-65]
3666,NCT00747760,[65 and more]
3667,NCT00749697,[18-65]
3667,NCT00749697,[65 and more]
3668,NCT00754182,[0-17]
3668,NCT00754182,[18-65]
3668,NCT00754182,[65 and more]
3671,NCT00770016,[18-65]
3671,NCT00770016,[65 and more]
3673,NCT00784303,[18-65]
3673,NCT00784303,[65 and more]
3674,NCT00786552,[18-65]
3674,NCT00786552,[65 and more]
3676,NCT00793689,[18-65]
3676,NCT00793689,[65 and more]
3677,NCT00794053,[0-17]
3677,NCT00794053,[18-65]
3677,NCT00794053,[65 and more]
3678,NCT00795782,[18-65]
3678,NCT00795782,[65 and more]
3681,NCT00800358,[18-65]
3681,NCT00800358,[65 and more]
3685,NCT00818896,[0-17]
3685,NCT00818896,[18-65]
3688,NCT00824226,[18-65]
3688,NCT00824226,[65 and more]
3690,NCT00856401,[18-65]
3690,NCT00856401,[65 and more]
3694,NCT00880503,[18-65]
3694,NCT00880503,[65 and more]
3696,NCT00887666,[18-65]
3696,NCT00887666,[65 and more]
3699,NCT00896454,[18-65]
3699,NCT00896454,[65 and more]
3701,NCT00905866,[18-65]
3701,NCT00905866,[65 and more]
3702,NCT00923247,[18-65]
3702,NCT00923247,[65 and more]
3703,NCT00926978,[18-65]
3703,NCT00926978,[65 and more]
3706,NCT00929318,[18-65]
3706,NCT00929318,[65 and more]
3708,NCT00936858,[18-65]
3708,NCT00936858,[65 and more]
3710,NCT00941551,[18-65]
3710,NCT00941551,[65 and more]
3713,NCT00946894,[18-65]
3713,NCT00946894,[65 and more]
3714,NCT00948337,[18-65]
3714,NCT00948337,[65 and more]
3715,NCT00954837,[18-65]
3715,NCT00954837,[65 and more]
3718,NCT00970359,[18-65]
3718,NCT00970359,[65 and more]
3720,NCT00975000,[18-65]
3720,NCT00975000,[65 and more]
3724,NCT00984191,[18-65]
3724,NCT00984191,[65 and more]
3725,NCT00984282,[18-65]
3725,NCT00984282,[65 and more]
3727,NCT00993837,[18-65]
3730,NCT01003652,[18-65]
3730,NCT01003652,[65 and more]
3731,NCT01005654,[0-17]
3731,NCT01005654,[18-65]
3731,NCT01005654,[65 and more]
3734,NCT01013597,[18-65]
3734,NCT01013597,[65 and more]
3736,NCT01025453,[18-65]
3736,NCT01025453,[65 and more]
3737,NCT01039714,[18-65]
3737,NCT01039714,[65 and more]
3739,NCT01042626,[18-65]
3739,NCT01042626,[65 and more]
3740,NCT01043107,[0-17]
3740,NCT01043107,[18-65]
3741,NCT01050465,[18-65]
3741,NCT01050465,[65 and more]
3744,NCT01074684,[18-65]
3744,NCT01074684,[65 and more]
3752,NCT01095341,[18-65]
3752,NCT01095341,[65 and more]
3753,NCT01100619,[18-65]
3753,NCT01100619,[65 and more]
3760,NCT01102205,[18-65]
3760,NCT01102205,[65 and more]
3761,NCT01105923,[18-65]
3761,NCT01105923,[65 and more]
3765,NCT01126060,[18-65]
3765,NCT01126060,[65 and more]
3766,NCT01129492,[18-65]
3770,NCT01141309,[18-65]
3770,NCT01141309,[65 and more]
3771,NCT01143987,[18-65]
3771,NCT01143987,[65 and more]
3772,NCT01145040,[0-17]
3772,NCT01145040,[18-65]
3772,NCT01145040,[65 and more]
3775,NCT01150318,[18-65]
3776,NCT01153945,[18-65]
3776,NCT01153945,[65 and more]
3778,NCT01163669,[18-65]
3778,NCT01163669,[65 and more]
3780,NCT01173289,[18-65]
3780,NCT01173289,[65 and more]
3783,NCT01191762,[18-65]
3783,NCT01191762,[65 and more]
3784,NCT01197183,[18-65]
3785,NCT01199614,[18-65]
3785,NCT01199614,[65 and more]
3786,NCT01204359,[0-17]
3786,NCT01204359,[18-65]
3786,NCT01204359,[65 and more]
3789,NCT01221896,[18-65]
3789,NCT01221896,[65 and more]
3791,NCT01223638,[0-17]
3791,NCT01223638,[18-65]
3793,NCT01226810,[18-65]
3793,NCT01226810,[65 and more]
3798,NCT01236547,[18-65]
3798,NCT01236547,[65 and more]
3799,NCT01240590,[18-65]
3799,NCT01240590,[65 and more]
3801,NCT01263951,[18-65]
3801,NCT01263951,[65 and more]
3802,NCT01265381,[18-65]
3802,NCT01265381,[65 and more]
3804,NCT01268098,[18-65]
3804,NCT01268098,[65 and more]
3805,NCT01270321,[18-65]
3805,NCT01270321,[65 and more]
3807,NCT01273714,[18-65]
3807,NCT01273714,[65 and more]
3810,NCT01277510,[0-17]
3812,NCT01280292,[18-65]
3812,NCT01280292,[65 and more]
3815,NCT01292044,[18-65]
3815,NCT01292044,[65 and more]
3817,NCT01297309,[18-65]
3817,NCT01297309,[65 and more]
3820,NCT01298323,[18-65]
3820,NCT01298323,[65 and more]
3824,NCT01311089,[18-65]
3824,NCT01311089,[65 and more]
3829,NCT01321554,[18-65]
3829,NCT01321554,[65 and more]
3830,NCT01325857,[18-65]
3830,NCT01325857,[65 and more]
3832,NCT01333267,[18-65]
3833,NCT01338597,[18-65]
3835,NCT01349634,[0-17]
3835,NCT01349634,[18-65]
3837,NCT01354639,[18-65]
3837,NCT01354639,[65 and more]
3838,NCT01358136,[18-65]
3838,NCT01358136,[65 and more]
3841,NCT01373736,[0-17]
3841,NCT01373736,[18-65]
3841,NCT01373736,[65 and more]
3842,NCT01374659,[0-17]
3842,NCT01374659,[18-65]
3842,NCT01374659,[65 and more]
3843,NCT01376648,[18-65]
3843,NCT01376648,[65 and more]
3844,NCT01379170,[18-65]
3844,NCT01379170,[65 and more]
3848,NCT01392222,[18-65]
3848,NCT01392222,[65 and more]
3849,NCT01398085,[0-17]
3849,NCT01398085,[18-65]
3849,NCT01398085,[65 and more]
3851,NCT01403324,[18-65]
3851,NCT01403324,[65 and more]
3854,NCT01412762,[18-65]
3854,NCT01412762,[65 and more]
3857,NCT01417442,[0-17]
3857,NCT01417442,[18-65]
3857,NCT01417442,[65 and more]
3859,NCT01424878,[0-17]
3859,NCT01424878,[18-65]
3859,NCT01424878,[65 and more]
3864,NCT01433809,[18-65]
3864,NCT01433809,[65 and more]
3865,NCT01437254,[18-65]
3865,NCT01437254,[65 and more]
3866,NCT01438554,[18-65]
3866,NCT01438554,[65 and more]
3873,NCT01455181,[18-65]
3873,NCT01455181,[65 and more]
3876,NCT01481402,[18-65]
3876,NCT01481402,[65 and more]
3877,NCT01487057,[18-65]
3877,NCT01487057,[65 and more]
3878,NCT01488721,[0-17]
3879,NCT01496313,[18-65]
3879,NCT01496313,[65 and more]
3880,NCT01498341,[0-17]
3880,NCT01498341,[18-65]
3880,NCT01498341,[65 and more]
3881,NCT01501110,[18-65]
3881,NCT01501110,[65 and more]
3882,NCT01502410,[0-17]
3882,NCT01502410,[18-65]
3884,NCT01510002,[18-65]
3884,NCT01510002,[65 and more]
3885,NCT01511393,[18-65]
3885,NCT01511393,[65 and more]
3886,NCT01512212,[0-17]
3886,NCT01512212,[18-65]
3886,NCT01512212,[65 and more]
3888,NCT01534897,[18-65]
3888,NCT01534897,[65 and more]
3889,NCT01536678,[18-65]
3891,NCT01539655,[18-65]
3892,NCT01551498,[18-65]
3892,NCT01551498,[65 and more]
3893,NCT01552434,[0-17]
3893,NCT01552434,[18-65]
3893,NCT01552434,[65 and more]
3896,NCT01565486,[18-65]
3896,NCT01565486,[65 and more]
3898,NCT01573520,[18-65]
3898,NCT01573520,[65 and more]
3900,NCT01586520,[18-65]
3900,NCT01586520,[65 and more]
3901,NCT01588288,[18-65]
3901,NCT01588288,[65 and more]
3904,NCT01616316,[18-65]
3904,NCT01616316,[65 and more]
3905,NCT01625520,[18-65]
3905,NCT01625520,[65 and more]
3906,NCT01631305,[0-17]
3908,NCT01640184,[18-65]
3908,NCT01640184,[65 and more]
3910,NCT01641679,[18-65]
3910,NCT01641679,[65 and more]
3912,NCT01647750,[65 and more]
3916,NCT01656070,[0-17]
3916,NCT01656070,[18-65]
3917,NCT01658085,[18-65]
3917,NCT01658085,[65 and more]
3918,NCT01659385,[18-65]
3918,NCT01659385,[65 and more]
3919,NCT01660984,[0-17]
3919,NCT01660984,[18-65]
3919,NCT01660984,[65 and more]
3920,NCT01668238,[18-65]
3920,NCT01668238,[65 and more]
3921,NCT01691781,[18-65]
3921,NCT01691781,[65 and more]
3922,NCT01700699,[0-17]
3922,NCT01700699,[18-65]
3922,NCT01700699,[65 and more]
3923,NCT01701349,[18-65]
3923,NCT01701349,[65 and more]
3925,NCT01707056,[18-65]
3927,NCT01709292,[18-65]
3927,NCT01709292,[65 and more]
3928,NCT01709435,[0-17]
3928,NCT01709435,[18-65]
3929,NCT01723202,[18-65]
3929,NCT01723202,[65 and more]
3938,NCT01728623,[18-65]
3938,NCT01728623,[65 and more]
3939,NCT01730638,[18-65]
3939,NCT01730638,[65 and more]
3940,NCT01736163,[18-65]
3940,NCT01736163,[65 and more]
3941,NCT01736878,[18-65]
3941,NCT01736878,[65 and more]
3943,NCT01739634,[0-17]
3943,NCT01739634,[18-65]
3943,NCT01739634,[65 and more]
3945,NCT01744743,[18-65]
3947,NCT01747512,[18-65]
3947,NCT01747512,[65 and more]
3951,NCT01757470,[18-65]
3951,NCT01757470,[65 and more]
3953,NCT01761149,[18-65]
3954,NCT01769157,[18-65]
3954,NCT01769157,[65 and more]
3955,NCT01771523,[0-17]
3955,NCT01771523,[18-65]
3955,NCT01771523,[65 and more]
3956,NCT01774279,[18-65]
3956,NCT01774279,[65 and more]
3957,NCT01776385,[18-65]
3957,NCT01776385,[65 and more]
3961,NCT01780584,[0-17]
3961,NCT01780584,[18-65]
3962,NCT01781767,[18-65]
3962,NCT01781767,[65 and more]
3968,NCT01792492,[0-17]
3968,NCT01792492,[18-65]
3968,NCT01792492,[65 and more]
3971,NCT01800617,[18-65]
3971,NCT01800617,[65 and more]
3972,NCT01801033,[18-65]
3972,NCT01801033,[65 and more]
3974,NCT01811199,[18-65]
3974,NCT01811199,[65 and more]
3978,NCT01812395,[18-65]
3978,NCT01812395,[65 and more]
3979,NCT01813136,[18-65]
3979,NCT01813136,[65 and more]
3980,NCT01815021,[18-65]
3980,NCT01815021,[65 and more]
3981,NCT01831869,[18-65]
3983,NCT01833650,[0-17]
3983,NCT01833650,[18-65]
3983,NCT01833650,[65 and more]
3986,NCT01838642,[18-65]
3986,NCT01838642,[65 and more]
3987,NCT01840332,[18-65]
3987,NCT01840332,[65 and more]
3988,NCT01843062,[18-65]
3989,NCT01848171,[18-65]
3989,NCT01848171,[65 and more]
3991,NCT01862510,[18-65]
3991,NCT01862510,[65 and more]
3992,NCT01865838,[18-65]
3992,NCT01865838,[65 and more]
3994,NCT01872429,[18-65]
3994,NCT01872429,[65 and more]
3995,NCT01876784,[18-65]
3995,NCT01876784,[65 and more]
3996,NCT01882816,[18-65]
3996,NCT01882816,[65 and more]
4000,NCT01896479,[18-65]
4000,NCT01896479,[65 and more]
4001,NCT01907997,[18-65]
4001,NCT01907997,[65 and more]
4002,NCT01915485,[18-65]
4002,NCT01915485,[65 and more]
4003,NCT01916018,[0-17]
4003,NCT01916018,[18-65]
4003,NCT01916018,[65 and more]
4004,NCT01916304,[18-65]
4004,NCT01916304,[65 and more]
4005,NCT01921452,[0-17]
4005,NCT01921452,[18-65]
4005,NCT01921452,[65 and more]
4006,NCT01922440,[0-17]
4006,NCT01922440,[18-65]
4006,NCT01922440,[65 and more]
4011,NCT01935856,[18-65]
4011,NCT01935856,[65 and more]
4012,NCT01945229,[0-17]
4012,NCT01945229,[18-65]
4012,NCT01945229,[65 and more]
4013,NCT01947023,[18-65]
4013,NCT01947023,[65 and more]
4014,NCT01954134,[0-17]
4014,NCT01954134,[18-65]
4014,NCT01954134,[65 and more]
4015,NCT01964144,[18-65]
4015,NCT01964144,[65 and more]
4016,NCT01964508,[18-65]
4016,NCT01964508,[65 and more]
4018,NCT01974284,[18-65]
4018,NCT01974284,[65 and more]
4019,NCT01994200,[18-65]
4019,NCT01994200,[65 and more]
4021,NCT01997554,[18-65]
4021,NCT01997554,[65 and more]
4023,NCT02005250,[18-65]
4023,NCT02005250,[65 and more]
4025,NCT02012231,[18-65]
4025,NCT02012231,[65 and more]
4026,NCT02012686,[18-65]
4027,NCT02012699,[18-65]
4027,NCT02012699,[65 and more]
4028,NCT02013479,[18-65]
4028,NCT02013479,[65 and more]
4029,NCT02018276,[18-65]
4029,NCT02018276,[65 and more]
4031,NCT02062632,[18-65]
4031,NCT02062632,[65 and more]
4032,NCT02084732,[18-65]
4032,NCT02084732,[65 and more]
4033,NCT02088645,[18-65]
4033,NCT02088645,[65 and more]
4034,NCT02094079,[18-65]
4040,NCT02114658,[18-65]
4040,NCT02114658,[65 and more]
4041,NCT02133040,[18-65]
4041,NCT02133040,[65 and more]
4045,NCT02145143,[18-65]
4045,NCT02145143,[65 and more]
4047,NCT02152137,[18-65]
4047,NCT02152137,[65 and more]
4049,NCT02152228,[18-65]
4049,NCT02152228,[65 and more]
4053,NCT02156362,[18-65]
4053,NCT02156362,[65 and more]
4054,NCT02178345,[18-65]
4054,NCT02178345,[65 and more]
4055,NCT02185560,[0-17]
4055,NCT02185560,[18-65]
4055,NCT02185560,[65 and more]
4069,NCT02208544,[18-65]
4069,NCT02208544,[65 and more]
4073,NCT02223052,[18-65]
4073,NCT02223052,[65 and more]
4074,NCT02225509,[18-65]
4074,NCT02225509,[65 and more]
4077,NCT02240563,[18-65]
4079,NCT02244463,[18-65]
4079,NCT02244463,[65 and more]
4082,NCT02278198,[18-65]
4082,NCT02278198,[65 and more]
4083,NCT02280330,[0-17]
4085,NCT02301520,[0-17]
4086,NCT02302768,[18-65]
4086,NCT02302768,[65 and more]
4087,NCT02303444,[18-65]
4087,NCT02303444,[65 and more]
4088,NCT02304757,[18-65]
4088,NCT02304757,[65 and more]
4089,NCT02307175,[18-65]
4089,NCT02307175,[65 and more]
4091,NCT02317926,[18-65]
4091,NCT02317926,[65 and more]
4092,NCT02318160,[0-17]
4092,NCT02318160,[18-65]
4093,NCT02323724,[0-17]
4093,NCT02323724,[18-65]
4093,NCT02323724,[65 and more]
4094,NCT02329379,[18-65]
4094,NCT02329379,[65 and more]
4098,NCT02347683,[18-65]
4098,NCT02347683,[65 and more]
4100,NCT02363647,[18-65]
4100,NCT02363647,[65 and more]
4101,NCT02364102,[18-65]
4101,NCT02364102,[65 and more]
4102,NCT02374593,[0-17]
4103,NCT02375451,[0-17]
4103,NCT02375451,[18-65]
4106,NCT02383927,[18-65]
4106,NCT02383927,[65 and more]
4107,NCT02390739,[18-65]
4107,NCT02390739,[65 and more]
4108,NCT02390934,[18-65]
4108,NCT02390934,[65 and more]
4113,NCT02404441,[18-65]
4113,NCT02404441,[65 and more]
4116,NCT02411461,[0-17]
4116,NCT02411461,[18-65]
4117,NCT02412150,[18-65]
4119,NCT02418247,[18-65]
4119,NCT02418247,[65 and more]
4120,NCT02418390,[18-65]
4120,NCT02418390,[65 and more]
4122,NCT02430714,[0-17]
4122,NCT02430714,[18-65]
4122,NCT02430714,[65 and more]
4124,NCT02442661,[18-65]
4124,NCT02442661,[65 and more]
4125,NCT02456701,[18-65]
4125,NCT02456701,[65 and more]
4128,NCT02465060,[18-65]
4128,NCT02465060,[65 and more]
4129,NCT02465424,[0-17]
4129,NCT02465424,[18-65]
4129,NCT02465424,[65 and more]
4130,NCT02467244,[18-65]
4130,NCT02467244,[65 and more]
4131,NCT02468921,[18-65]
4131,NCT02468921,[65 and more]
4132,NCT02472080,[18-65]
4132,NCT02472080,[65 and more]
4134,NCT02499471,[18-65]
4134,NCT02499471,[65 and more]
4136,NCT02512978,[18-65]
4136,NCT02512978,[65 and more]
4137,NCT02514187,[18-65]
4137,NCT02514187,[65 and more]
4138,NCT02515084,[18-65]
4138,NCT02515084,[65 and more]
4140,NCT02524041,[18-65]
4140,NCT02524041,[65 and more]
4144,NCT02548715,[18-65]
4144,NCT02548715,[65 and more]
4149,NCT02561533,[18-65]
4149,NCT02561533,[65 and more]
4150,NCT02567877,[18-65]
4150,NCT02567877,[65 and more]
4151,NCT02568267,[18-65]
4151,NCT02568267,[65 and more]
4152,NCT02577367,[18-65]
4152,NCT02577367,[65 and more]
4153,NCT02586337,[18-65]
4153,NCT02586337,[65 and more]
4154,NCT02586350,[18-65]
4154,NCT02586350,[65 and more]
4155,NCT02591160,[18-65]
4155,NCT02591160,[65 and more]
4156,NCT02592356,[18-65]
4156,NCT02592356,[65 and more]
4157,NCT02602717,[18-65]
4157,NCT02602717,[65 and more]
4158,NCT02614495,[18-65]
4158,NCT02614495,[65 and more]
4160,NCT02628067,[18-65]
4160,NCT02628067,[65 and more]
4161,NCT02638077,[0-17]
4161,NCT02638077,[18-65]
4161,NCT02638077,[65 and more]
4162,NCT02644707,[0-17]
4162,NCT02644707,[18-65]
4163,NCT02648399,[0-17]
4163,NCT02648399,[18-65]
4164,NCT02651818,[18-65]
4164,NCT02651818,[65 and more]
4166,NCT02657369,[18-65]
4166,NCT02657369,[65 and more]
4167,NCT02657551,[18-65]
4167,NCT02657551,[65 and more]
4171,NCT02658513,[18-65]
4171,NCT02658513,[65 and more]
4172,NCT02688608,[18-65]
4172,NCT02688608,[65 and more]
4173,NCT02689609,[18-65]
4173,NCT02689609,[65 and more]
4174,NCT02702388,[18-65]
4174,NCT02702388,[65 and more]
4175,NCT02706743,[18-65]
4175,NCT02706743,[65 and more]
4176,NCT02709889,[18-65]
4176,NCT02709889,[65 and more]
4181,NCT02711059,[18-65]
4181,NCT02711059,[65 and more]
4182,NCT02713269,[18-65]
4182,NCT02713269,[65 and more]
4185,NCT02726282,[18-65]
4185,NCT02726282,[65 and more]
4186,NCT02726503,[18-65]
4186,NCT02726503,[65 and more]
4187,NCT02731352,[18-65]
4187,NCT02731352,[65 and more]
4188,NCT02747888,[0-17]
4188,NCT02747888,[18-65]
4188,NCT02747888,[65 and more]
4189,NCT02747979,[0-17]
4189,NCT02747979,[18-65]
4189,NCT02747979,[65 and more]
4191,NCT02758158,[18-65]
4191,NCT02758158,[65 and more]
4193,NCT02766283,[0-17]
4194,NCT02767245,[0-17]
4194,NCT02767245,[18-65]
4194,NCT02767245,[65 and more]
4195,NCT02768753,[18-65]
4195,NCT02768753,[65 and more]
4197,NCT02773667,[18-65]
4197,NCT02773667,[65 and more]
4200,NCT02781844,[18-65]
4200,NCT02781844,[65 and more]
4202,NCT02812888,[18-65]
4203,NCT02814032,[18-65]
4203,NCT02814032,[65 and more]
4204,NCT02826746,[18-65]
4204,NCT02826746,[65 and more]
4206,NCT02834013,[18-65]
4206,NCT02834013,[65 and more]
4207,NCT02838927,[0-17]
4207,NCT02838927,[18-65]
4207,NCT02838927,[65 and more]
4210,NCT02856347,[18-65]
4210,NCT02856347,[65 and more]
4212,NCT02867592,[0-17]
4212,NCT02867592,[18-65]
4213,NCT02869620,[18-65]
4213,NCT02869620,[65 and more]
4214,NCT02870569,[18-65]
4214,NCT02870569,[65 and more]
4215,NCT02878044,[18-65]
4215,NCT02878044,[65 and more]
4217,NCT02886949,[18-65]
4217,NCT02886949,[65 and more]
4218,NCT02891668,[18-65]
4218,NCT02891668,[65 and more]
4219,NCT02901873,[18-65]
4219,NCT02901873,[65 and more]
4220,NCT02910466,[18-65]
4220,NCT02910466,[65 and more]
4221,NCT02911155,[18-65]
4221,NCT02911155,[65 and more]
4222,NCT02917863,[0-17]
4222,NCT02917863,[18-65]
4223,NCT02924532,[18-65]
4223,NCT02924532,[65 and more]
4224,NCT02938702,[18-65]
4224,NCT02938702,[65 and more]
4226,NCT02947035,[18-65]
4226,NCT02947035,[65 and more]
4227,NCT02947399,[18-65]
4227,NCT02947399,[65 and more]
4228,NCT02952612,[18-65]
4228,NCT02952612,[65 and more]
4230,NCT02959827,[0-17]
4237,NCT02986607,[18-65]
4239,NCT02988817,[18-65]
4239,NCT02988817,[65 and more]
4242,NCT02993562,[18-65]
4242,NCT02993562,[65 and more]
4245,NCT03006289,[0-17]
4245,NCT03006289,[18-65]
4245,NCT03006289,[65 and more]
4253,NCT03024151,[18-65]
4253,NCT03024151,[65 and more]
4254,NCT03027349,[18-65]
4254,NCT03027349,[65 and more]
4256,NCT03029429,[0-17]
4256,NCT03029429,[18-65]
4256,NCT03029429,[65 and more]
4258,NCT03031639,[0-17]
4258,NCT03031639,[18-65]
4258,NCT03031639,[65 and more]
4260,NCT03034707,[18-65]
4260,NCT03034707,[65 and more]
4261,NCT03037385,[18-65]
4261,NCT03037385,[65 and more]
4265,NCT03044600,[18-65]
4265,NCT03044600,[65 and more]
4266,NCT03048708,[18-65]
4266,NCT03048708,[65 and more]
4267,NCT03048877,[18-65]
4267,NCT03048877,[65 and more]
4269,NCT03053115,[18-65]
4269,NCT03053115,[65 and more]
4270,NCT03053999,[0-17]
4270,NCT03053999,[18-65]
4270,NCT03053999,[65 and more]
4273,NCT03064542,[18-65]
4274,NCT03065218,[18-65]
4274,NCT03065218,[65 and more]
4277,NCT03072654,[18-65]
4277,NCT03072654,[65 and more]
4279,NCT03085056,[18-65]
4279,NCT03085056,[65 and more]
4280,NCT03085615,[18-65]
4280,NCT03085615,[65 and more]
4282,NCT03095963,[18-65]
4282,NCT03095963,[65 and more]
4283,NCT03099356,[18-65]
4283,NCT03099356,[65 and more]
4285,NCT03103776,[18-65]
4285,NCT03103776,[65 and more]
4289,NCT03127098,[18-65]
4289,NCT03127098,[65 and more]
4294,NCT03139747,[18-65]
4294,NCT03139747,[65 and more]
4295,NCT03150108,[18-65]
4295,NCT03150108,[65 and more]
4296,NCT03157128,[0-17]
4296,NCT03157128,[18-65]
4296,NCT03157128,[65 and more]
4299,NCT03160274,[0-17]
4299,NCT03160274,[18-65]
4299,NCT03160274,[65 and more]
4301,NCT03170804,[0-17]
4301,NCT03170804,[18-65]
4301,NCT03170804,[65 and more]
4304,NCT03170960,[18-65]
4304,NCT03170960,[65 and more]
4306,NCT03176485,[18-65]
4306,NCT03176485,[65 and more]
4307,NCT03180892,[18-65]
4307,NCT03180892,[65 and more]
4308,NCT03181100,[18-65]
4308,NCT03181100,[65 and more]
4313,NCT03191643,[18-65]
4313,NCT03191643,[65 and more]
4316,NCT03196518,[18-65]
4316,NCT03196518,[65 and more]
4317,NCT03202160,[0-17]
4317,NCT03202160,[18-65]
4318,NCT03203668,[18-65]
4318,NCT03203668,[65 and more]
4319,NCT03215095,[18-65]
4319,NCT03215095,[65 and more]
4321,NCT03246659,[18-65]
4321,NCT03246659,[65 and more]
4322,NCT03246958,[18-65]
4322,NCT03246958,[65 and more]
4323,NCT03257566,[0-17]
4329,NCT03285230,[18-65]
4329,NCT03285230,[65 and more]
4330,NCT03289403,[18-65]
4331,NCT03294005,[18-65]
4331,NCT03294005,[65 and more]
4336,NCT03300765,[18-65]
4336,NCT03300765,[65 and more]
4340,NCT03324880,[18-65]
4340,NCT03324880,[65 and more]
4343,NCT03342001,[18-65]
4343,NCT03342001,[65 and more]
4344,NCT03359668,[0-17]
4344,NCT03359668,[18-65]
4344,NCT03359668,[65 and more]
4345,NCT03360890,[18-65]
4345,NCT03360890,[65 and more]
4347,NCT03364738,[18-65]
4347,NCT03364738,[65 and more]
4348,NCT03375931,[18-65]
4348,NCT03375931,[65 and more]
4349,NCT03377829,[18-65]
4349,NCT03377829,[65 and more]
4350,NCT03379181,[18-65]
4350,NCT03379181,[65 and more]
4351,NCT03392402,[18-65]
4351,NCT03392402,[65 and more]
4353,NCT03393728,[18-65]
4353,NCT03393728,[65 and more]
4355,NCT03397238,[18-65]
4355,NCT03397238,[65 and more]
4357,NCT03411187,[18-65]
4357,NCT03411187,[65 and more]
4358,NCT03416686,[18-65]
4358,NCT03416686,[65 and more]
4359,NCT03432299,[18-65]
4361,NCT03437174,[18-65]
4361,NCT03437174,[65 and more]
4362,NCT03444246,[18-65]
4362,NCT03444246,[65 and more]
4363,NCT03449108,[0-17]
4363,NCT03449108,[18-65]
4363,NCT03449108,[65 and more]
4366,NCT03454464,[18-65]
4366,NCT03454464,[65 and more]
4367,NCT03454477,[18-65]
4367,NCT03454477,[65 and more]
4369,NCT03463889,[18-65]
4369,NCT03463889,[65 and more]
4371,NCT03465176,[18-65]
4372,NCT03469011,[18-65]
4372,NCT03469011,[65 and more]
4378,NCT03469544,[18-65]
4378,NCT03469544,[65 and more]
4379,NCT03470259,[18-65]
4379,NCT03470259,[65 and more]
4380,NCT03475953,[18-65]
4380,NCT03475953,[65 and more]
4381,NCT03479801,[0-17]
4381,NCT03479801,[18-65]
4382,NCT03483337,[18-65]
4382,NCT03483337,[65 and more]
4383,NCT03484884,[18-65]
4383,NCT03484884,[65 and more]
4384,NCT03488134,[18-65]
4384,NCT03488134,[65 and more]
4385,NCT03496363,[0-17]
4389,NCT03500666,[18-65]
4389,NCT03500666,[65 and more]
4390,NCT03506048,[18-65]
4390,NCT03506048,[65 and more]
4393,NCT03510143,[18-65]
4393,NCT03510143,[65 and more]
4394,NCT03514251,[18-65]
4394,NCT03514251,[65 and more]
4396,NCT03516773,[18-65]
4396,NCT03516773,[65 and more]
4400,NCT03530033,[18-65]
4400,NCT03530033,[65 and more]
4402,NCT03547648,[18-65]
4404,NCT03555487,[18-65]
4404,NCT03555487,[65 and more]
4405,NCT03565536,[18-65]
4405,NCT03565536,[65 and more]
4406,NCT03570021,[18-65]
4406,NCT03570021,[65 and more]
4407,NCT03573960,[18-65]
4407,NCT03573960,[65 and more]
4408,NCT03577951,[18-65]
4408,NCT03577951,[65 and more]
4411,NCT03602495,[18-65]
4411,NCT03602495,[65 and more]
4413,NCT03612908,[18-65]
4415,NCT03615456,[18-65]
4415,NCT03615456,[65 and more]
4416,NCT03623516,[18-65]
4416,NCT03623516,[65 and more]
4417,NCT03624751,[18-65]
4417,NCT03624751,[65 and more]
4420,NCT03627611,[18-65]
4420,NCT03627611,[65 and more]
4422,NCT03630120,[18-65]
4422,NCT03630120,[65 and more]
4427,NCT03631771,[0-17]
4429,NCT03636945,[18-65]
4429,NCT03636945,[65 and more]
4430,NCT03639662,[18-65]
4430,NCT03639662,[65 and more]
4431,NCT03640247,[18-65]
4431,NCT03640247,[65 and more]
4434,NCT03643055,[18-65]
4434,NCT03643055,[65 and more]
4435,NCT03647358,[18-65]
4435,NCT03647358,[65 and more]
4436,NCT03647657,[18-65]
4437,NCT03657654,[18-65]
4437,NCT03657654,[65 and more]
4443,NCT03676348,[18-65]
4443,NCT03676348,[65 and more]
4446,NCT03680222,[18-65]
4447,NCT03690388,[0-17]
4447,NCT03690388,[18-65]
4447,NCT03690388,[65 and more]
4451,NCT03720210,[18-65]
4451,NCT03720210,[65 and more]
4452,NCT03728959,[18-65]
4452,NCT03728959,[65 and more]
4455,NCT03747029,[18-65]
4455,NCT03747029,[65 and more]
4458,NCT03754621,[18-65]
4458,NCT03754621,[65 and more]
4459,NCT03757637,[0-17]
4459,NCT03757637,[18-65]
4459,NCT03757637,[65 and more]
4461,NCT03765333,[18-65]
4461,NCT03765333,[65 and more]
4465,NCT03779906,[0-17]
4466,NCT03787121,[18-65]
4466,NCT03787121,[65 and more]
4467,NCT03794375,[0-17]
4467,NCT03794375,[18-65]
4467,NCT03794375,[65 and more]
4470,NCT03823859,[18-65]
4470,NCT03823859,[65 and more]
4473,NCT03826680,[18-65]
4473,NCT03826680,[65 and more]
4477,NCT03838692,[18-65]
4477,NCT03838692,[65 and more]
4478,NCT03841617,[18-65]
4478,NCT03841617,[65 and more]
4479,NCT03871387,[18-65]
4479,NCT03871387,[65 and more]
4482,NCT03889769,[0-17]
4482,NCT03889769,[18-65]
4482,NCT03889769,[65 and more]
4484,NCT03892993,[18-65]
4484,NCT03892993,[65 and more]
4485,NCT03899792,[0-17]
4485,NCT03899792,[18-65]
4487,NCT03905369,[18-65]
4487,NCT03905369,[65 and more]
4490,NCT03914300,[18-65]
4490,NCT03914300,[65 and more]
4494,NCT03926585,[18-65]
4494,NCT03926585,[65 and more]
4501,NCT03942380,[18-65]
4501,NCT03942380,[65 and more]
4502,NCT03951532,[0-17]
4503,NCT03968510,[0-17]
4503,NCT03968510,[18-65]
4503,NCT03968510,[65 and more]
4507,NCT03973450,[0-17]
4507,NCT03973450,[18-65]
4507,NCT03973450,[65 and more]
4509,NCT03975231,[18-65]
4509,NCT03975231,[65 and more]
4510,NCT03977207,[18-65]
4510,NCT03977207,[65 and more]
4511,NCT03978351,[0-17]
4511,NCT03978351,[18-65]
4511,NCT03978351,[65 and more]
4512,NCT03986437,[18-65]
4512,NCT03986437,[65 and more]
4513,NCT03988517,[18-65]
4513,NCT03988517,[65 and more]
4514,NCT04000880,[18-65]
4514,NCT04000880,[65 and more]
4516,NCT04009291,[18-65]
4516,NCT04009291,[65 and more]
4518,NCT04028479,[18-65]
4518,NCT04028479,[65 and more]
4520,NCT04031339,[0-17]
4520,NCT04031339,[18-65]
4520,NCT04031339,[65 and more]
4521,NCT04040673,[18-65]
4521,NCT04040673,[65 and more]
4524,NCT04051099,[18-65]
4524,NCT04051099,[65 and more]
4525,NCT04053647,[18-65]
4525,NCT04053647,[65 and more]
4526,NCT04059380,[18-65]
4526,NCT04059380,[65 and more]
4527,NCT04061980,[18-65]
4527,NCT04061980,[65 and more]
4528,NCT04072731,[18-65]
4529,NCT04076514,[0-17]
4529,NCT04076514,[18-65]
4529,NCT04076514,[65 and more]
4533,NCT04098991,[18-65]
4534,NCT04104529,[18-65]
4534,NCT04104529,[65 and more]
4535,NCT04124705,[18-65]
4535,NCT04124705,[65 and more]
4537,NCT04126941,[0-17]
4537,NCT04126941,[18-65]
4540,NCT04128631,[0-17]
4540,NCT04128631,[18-65]
4540,NCT04128631,[65 and more]
4541,NCT04129411,[18-65]
4541,NCT04129411,[65 and more]
4542,NCT04133870,[18-65]
4542,NCT04133870,[65 and more]
4544,NCT04136912,[18-65]
4544,NCT04136912,[65 and more]
4545,NCT04137185,[18-65]
4545,NCT04137185,[65 and more]
4546,NCT04139096,[18-65]
4546,NCT04139096,[65 and more]
4547,NCT04141306,[18-65]
4547,NCT04141306,[65 and more]
4548,NCT04160637,[18-65]
4548,NCT04160637,[65 and more]
4549,NCT04161391,[18-65]
4549,NCT04161391,[65 and more]
4553,NCT04197960,[18-65]
4553,NCT04197960,[65 and more]
4554,NCT04209179,[18-65]
4554,NCT04209179,[65 and more]
4555,NCT04211337,[0-17]
4555,NCT04211337,[18-65]
4555,NCT04211337,[65 and more]
4556,NCT04224792,[18-65]
4556,NCT04224792,[65 and more]
4557,NCT04236232,[18-65]
4559,NCT04238624,[18-65]
4559,NCT04238624,[65 and more]
4561,NCT04240821,[0-17]
4561,NCT04240821,[18-65]
4561,NCT04240821,[65 and more]
4563,NCT04248166,[18-65]
4563,NCT04248166,[65 and more]
4565,NCT04252001,[0-17]
4565,NCT04252001,[18-65]
4567,NCT04274829,[0-17]
4567,NCT04274829,[18-65]
4567,NCT04274829,[65 and more]
4568,NCT04280081,[18-65]
4568,NCT04280081,[65 and more]
4571,NCT04285476,[18-65]
4571,NCT04285476,[65 and more]
4572,NCT04290663,[18-65]
4572,NCT04290663,[65 and more]
4575,NCT04304573,[18-65]
4575,NCT04304573,[65 and more]
4577,NCT04309136,[0-17]
4577,NCT04309136,[18-65]
4577,NCT04309136,[65 and more]
4579,NCT04312087,[0-17]
4579,NCT04312087,[18-65]
4579,NCT04312087,[65 and more]
4581,NCT04316845,[18-65]
4581,NCT04316845,[65 and more]
4582,NCT04320901,[18-65]
4582,NCT04320901,[65 and more]
4584,NCT04321954,[18-65]
4584,NCT04321954,[65 and more]
4585,NCT04327999,[18-65]
4585,NCT04327999,[65 and more]
4586,NCT04332770,[18-65]
4587,NCT04336696,[18-65]
4588,NCT04339478,[18-65]
4588,NCT04339478,[65 and more]
4592,NCT04346901,[18-65]
4593,NCT04354324,[0-17]
4593,NCT04354324,[18-65]
4593,NCT04354324,[65 and more]
4595,NCT04372225,[0-17]
4595,NCT04372225,[18-65]
4595,NCT04372225,[65 and more]
4596,NCT04391244,[18-65]
4596,NCT04391244,[65 and more]
4604,NCT04400474,[18-65]
4604,NCT04400474,[65 and more]
4614,NCT04420689,[18-65]
4614,NCT04420689,[65 and more]
4615,NCT04420754,[18-65]
4615,NCT04420754,[65 and more]
4618,NCT04425512,[18-65]
4618,NCT04425512,[65 and more]
4622,NCT04447183,[18-65]
4622,NCT04447183,[65 and more]
4624,NCT04459273,[18-65]
4624,NCT04459273,[65 and more]
4627,NCT04462471,[18-65]
4627,NCT04462471,[65 and more]
4632,NCT04472988,[18-65]
4634,NCT04481893,[18-65]
4634,NCT04481893,[65 and more]
4637,NCT04485975,[18-65]
4637,NCT04485975,[65 and more]
4640,NCT04495985,[18-65]
4640,NCT04495985,[65 and more]
4641,NCT04500925,[18-65]
4642,NCT04521348,[18-65]
4642,NCT04521348,[65 and more]
4644,NCT04522570,[18-65]
4644,NCT04522570,[65 and more]
4645,NCT04524884,[18-65]
4645,NCT04524884,[65 and more]
4646,NCT04528225,[18-65]
4646,NCT04528225,[65 and more]
4648,NCT04544111,[18-65]
4648,NCT04544111,[65 and more]
4654,NCT04551170,[0-17]
4657,NCT04552769,[18-65]
4657,NCT04552769,[65 and more]
4658,NCT04554680,[18-65]
4658,NCT04554680,[65 and more]
4659,NCT04560426,[18-65]
4660,NCT04563780,[0-17]
4660,NCT04563780,[18-65]
4660,NCT04563780,[65 and more]
4661,NCT04569513,[18-65]
4661,NCT04569513,[65 and more]
4665,NCT04574817,[18-65]
4665,NCT04574817,[65 and more]
4667,NCT04579757,[18-65]
4667,NCT04579757,[65 and more]
4670,NCT04589624,[18-65]
4670,NCT04589624,[65 and more]
4671,NCT04589884,[18-65]
4671,NCT04589884,[65 and more]
4674,NCT04594720,[18-65]
4674,NCT04594720,[65 and more]
4676,NCT04600349,[18-65]
4679,NCT04612894,[0-17]
4679,NCT04612894,[18-65]
4679,NCT04612894,[65 and more]
4680,NCT04613323,[18-65]
4680,NCT04613323,[65 and more]
4682,NCT04619316,[18-65]
4682,NCT04619316,[65 and more]
4683,NCT04623801,[18-65]
4683,NCT04623801,[65 and more]
4685,NCT04624477,[18-65]
4685,NCT04624477,[65 and more]
4687,NCT04644315,[18-65]
4687,NCT04644315,[65 and more]
4689,NCT04648722,[18-65]
4689,NCT04648722,[65 and more]
4690,NCT04664413,[18-65]
4690,NCT04664413,[65 and more]
4694,NCT04675710,[18-65]
4694,NCT04675710,[65 and more]
4702,NCT04693377,[18-65]
4702,NCT04693377,[65 and more]
4703,NCT04693936,[18-65]
4705,NCT04701203,[18-65]
4705,NCT04701203,[65 and more]
4706,NCT04704349,[18-65]
4706,NCT04704349,[65 and more]
4709,NCT04706962,[18-65]
4709,NCT04706962,[65 and more]
4710,NCT04712760,[0-17]
4710,NCT04712760,[18-65]
4712,NCT04731467,[18-65]
4712,NCT04731467,[65 and more]
4715,NCT04734457,[0-17]
4715,NCT04734457,[18-65]
4715,NCT04734457,[65 and more]
4717,NCT04739566,[18-65]
4717,NCT04739566,[65 and more]
4719,NCT04742608,[18-65]
4719,NCT04742608,[65 and more]
4721,NCT04742959,[18-65]
4721,NCT04742959,[65 and more]
4722,NCT04745793,[18-65]
4722,NCT04745793,[65 and more]
4724,NCT04747275,[0-17]
4727,NCT04752202,[18-65]
4727,NCT04752202,[65 and more]
4729,NCT04754607,[18-65]
4729,NCT04754607,[65 and more]
4733,NCT04759911,[0-17]
4733,NCT04759911,[18-65]
4733,NCT04759911,[65 and more]
4738,NCT04760171,[18-65]
4738,NCT04760171,[65 and more]
4739,NCT04760288,[0-17]
4739,NCT04760288,[18-65]
4739,NCT04760288,[65 and more]
4740,NCT04778865,[18-65]
4743,NCT04784208,[18-65]
4743,NCT04784208,[65 and more]
4745,NCT04787328,[18-65]
4745,NCT04787328,[65 and more]
4748,NCT04795947,[18-65]
4748,NCT04795947,[65 and more]
4750,NCT04802876,[18-65]
4750,NCT04802876,[65 and more]
4751,NCT04806269,[18-65]
4753,NCT04821336,[18-65]
4753,NCT04821336,[65 and more]
4754,NCT04825964,[18-65]
4754,NCT04825964,[65 and more]
4755,NCT04831957,[65 and more]
4757,NCT04853680,[18-65]
4757,NCT04853680,[65 and more]
4760,NCT04857086,[0-17]
4760,NCT04857086,[18-65]
4760,NCT04857086,[65 and more]
4761,NCT04858867,[18-65]
4761,NCT04858867,[65 and more]
4762,NCT04860622,[18-65]
4763,NCT04868045,[18-65]
4763,NCT04868045,[65 and more]
4764,NCT04876287,[18-65]
4764,NCT04876287,[65 and more]
4766,NCT04877665,[0-17]
4766,NCT04877665,[18-65]
4767,NCT04878614,[18-65]
4767,NCT04878614,[65 and more]
4769,NCT04880798,[18-65]
4769,NCT04880798,[65 and more]
4770,NCT04892303,[18-65]
4770,NCT04892303,[65 and more]
4772,NCT04904159,[18-65]
4772,NCT04904159,[65 and more]
4775,NCT04922801,[18-65]
4775,NCT04922801,[65 and more]
4779,NCT04931576,[18-65]
4782,NCT04940052,[18-65]
4782,NCT04940052,[65 and more]
4783,NCT04946123,[18-65]
4783,NCT04946123,[65 and more]
4785,NCT04948437,[18-65]
4785,NCT04948437,[65 and more]
4788,NCT04952012,[18-65]
4789,NCT04952493,[18-65]
4789,NCT04952493,[65 and more]
4790,NCT04964284,[18-65]
4790,NCT04964284,[65 and more]
4793,NCT04970134,[18-65]
4793,NCT04970134,[65 and more]
4794,NCT04971473,[18-65]
4794,NCT04971473,[65 and more]
4798,NCT05003856,[18-65]
4798,NCT05003856,[65 and more]
4801,NCT05014698,[0-17]
4801,NCT05014698,[18-65]
4801,NCT05014698,[65 and more]
4803,NCT05015725,[18-65]
4803,NCT05015725,[65 and more]
4807,NCT05022667,[18-65]
4807,NCT05022667,[65 and more]
4811,NCT05024929,[0-17]
4811,NCT05024929,[18-65]
4812,NCT05025046,[18-65]
4812,NCT05025046,[65 and more]
4814,NCT05033496,[0-17]
4814,NCT05033496,[18-65]
4815,NCT05043584,[18-65]
4815,NCT05043584,[65 and more]
4816,NCT05049551,[18-65]
4816,NCT05049551,[65 and more]
4817,NCT05052359,[18-65]
4817,NCT05052359,[65 and more]
4818,NCT05054634,[18-65]
4818,NCT05054634,[65 and more]
4823,NCT05077865,[18-65]
4823,NCT05077865,[65 and more]
4824,NCT05078853,[18-65]
4824,NCT05078853,[65 and more]
4825,NCT05088187,[18-65]
4825,NCT05088187,[65 and more]
4828,NCT05102292,[18-65]
4828,NCT05102292,[65 and more]
4829,NCT05103956,[18-65]
4829,NCT05103956,[65 and more]
4830,NCT05114980,[18-65]
4830,NCT05114980,[65 and more]
4835,NCT05124938,[0-17]
4835,NCT05124938,[18-65]
4835,NCT05124938,[65 and more]
4837,NCT05132205,[18-65]
4837,NCT05132205,[65 and more]
4838,NCT05132478,[18-65]
4838,NCT05132478,[65 and more]
4840,NCT05143918,[18-65]
4841,NCT05152927,[18-65]
4841,NCT05152927,[65 and more]
4847,NCT05172921,[18-65]
4847,NCT05172921,[65 and more]
4848,NCT05175404,[18-65]
4848,NCT05175404,[65 and more]
4850,NCT05178186,[18-65]
4850,NCT05178186,[65 and more]
4852,NCT05182931,[18-65]
4852,NCT05182931,[65 and more]
4853,NCT05191927,[0-17]
4853,NCT05191927,[18-65]
4853,NCT05191927,[65 and more]
4855,NCT05218395,[18-65]
4855,NCT05218395,[65 and more]
4857,NCT05228184,[0-17]
4859,NCT05240911,[18-65]
4859,NCT05240911,[65 and more]
4862,NCT05241834,[0-17]
4862,NCT05241834,[18-65]
4862,NCT05241834,[65 and more]
4863,NCT05243979,[18-65]
4863,NCT05243979,[65 and more]
4864,NCT05247476,[18-65]
4864,NCT05247476,[65 and more]
4866,NCT05252884,[18-65]
4866,NCT05252884,[65 and more]
4870,NCT05260255,[18-65]
4870,NCT05260255,[65 and more]
4871,NCT05263141,[18-65]
4871,NCT05263141,[65 and more]
4873,NCT05265819,[18-65]
4874,NCT05270798,[18-65]
4874,NCT05270798,[65 and more]
4875,NCT05275374,[18-65]
4875,NCT05275374,[65 and more]
4876,NCT05275946,[0-17]
4876,NCT05275946,[18-65]
4881,NCT05278364,[18-65]
4881,NCT05278364,[65 and more]
4882,NCT05294393,[18-65]
4882,NCT05294393,[65 and more]
4885,NCT05314790,[18-65]
4885,NCT05314790,[65 and more]
4886,NCT05323669,[18-65]
4886,NCT05323669,[65 and more]
4888,NCT05328076,[18-65]
4888,NCT05328076,[65 and more]
4890,NCT05334069,[18-65]
4890,NCT05334069,[65 and more]
4891,NCT05334771,[18-65]
4893,NCT05346419,[18-65]
4893,NCT05346419,[65 and more]
4896,NCT02868476,[18-65]
4896,NCT02868476,[65 and more]
4897,NCT03191188,[18-65]
4897,NCT03191188,[65 and more]
4898,NCT03369405,[18-65]
4898,NCT03369405,[65 and more]
4899,NCT03414021,[18-65]
4899,NCT03414021,[65 and more]
4900,NCT04279184,[18-65]
4900,NCT04279184,[65 and more]
4901,NCT04351945,[18-65]
4901,NCT04351945,[65 and more]
4902,NCT04427904,[18-65]
4902,NCT04427904,[65 and more]
4903,NCT04471597,[18-65]
4904,NCT04542278,[18-65]
4904,NCT04542278,[65 and more]
4905,NCT04794257,[18-65]
4905,NCT04794257,[65 and more]
4906,NCT04842942,[18-65]
4906,NCT04842942,[65 and more]
4907,NCT04943146,[18-65]
4908,NCT05036525,[18-65]
4908,NCT05036525,[65 and more]
