nct_id,category_age
NCT00001159,[0-17]
NCT00001159,[18-65]
NCT00001159,[65 and more]
NCT00001277,[0-17]
NCT00001277,[18-65]
NCT00001277,[65 and more]
NCT00004048,[0-17]
NCT00004048,[18-65]
NCT00004048,[65 and more]
NCT00004074,[18-65]
NCT00004074,[65 and more]
NCT00004089,[0-17]
NCT00004089,[18-65]
NCT00004089,[65 and more]
NCT00004340,[0-17]
NCT00004340,[18-65]
NCT00004351,[0-17]
NCT00004351,[18-65]
NCT00004351,[65 and more]
NCT00004660,[18-65]
NCT00004660,[65 and more]
NCT00005102,[0-17]
NCT00005102,[18-65]
NCT00005102,[65 and more]
NCT00037193,[18-65]
NCT00037193,[65 and more]
NCT00037635,[18-65]
NCT00037635,[65 and more]
NCT00042432,[18-65]
NCT00042432,[65 and more]
NCT00042653,[18-65]
NCT00042653,[65 and more]
NCT00053547,[0-17]
NCT00053547,[18-65]
NCT00060242,[18-65]
NCT00060242,[65 and more]
NCT00061906,[18-65]
NCT00061906,[65 and more]
NCT00068497,[0-17]
NCT00068497,[18-65]
NCT00068497,[65 and more]
NCT00073710,[18-65]
NCT00073710,[65 and more]
NCT00077103,[18-65]
NCT00077103,[65 and more]
NCT00085293,[18-65]
NCT00085293,[65 and more]
NCT00094484,[18-65]
NCT00094484,[65 and more]
NCT00095693,[18-65]
NCT00095693,[65 and more]
NCT00095836,[18-65]
NCT00095836,[65 and more]
NCT00098813,[18-65]
NCT00098813,[65 and more]
NCT00098852,[18-65]
NCT00098852,[65 and more]
NCT00100828,[18-65]
NCT00100828,[65 and more]
NCT00103155,[18-65]
NCT00103155,[65 and more]
NCT00104871,[18-65]
NCT00104871,[65 and more]
NCT00105274,[18-65]
NCT00108394,[18-65]
NCT00108394,[65 and more]
NCT00110929,[18-65]
NCT00110929,[65 and more]
NCT00117052,[18-65]
NCT00117052,[65 and more]
NCT00118248,[18-65]
NCT00118248,[65 and more]
NCT00123461,[18-65]
NCT00123461,[65 and more]
NCT00132431,[18-65]
NCT00132431,[65 and more]
NCT00134043,[18-65]
NCT00134043,[65 and more]
NCT00135304,[18-65]
NCT00135304,[65 and more]
NCT00145366,[18-65]
NCT00145366,[65 and more]
NCT00147433,[0-17]
NCT00147433,[18-65]
NCT00147433,[65 and more]
NCT00150111,[18-65]
NCT00150111,[65 and more]
NCT00150124,[18-65]
NCT00150124,[65 and more]
NCT00150137,[18-65]
NCT00150137,[65 and more]
NCT00150150,[18-65]
NCT00150150,[65 and more]
NCT00161109,[0-17]
NCT00161109,[18-65]
NCT00174057,[18-65]
NCT00174057,[65 and more]
NCT00175149,[18-65]
NCT00175149,[65 and more]
NCT00189501,[18-65]
NCT00189501,[65 and more]
NCT00209235,[0-17]
NCT00209235,[18-65]
NCT00209235,[65 and more]
NCT00211939,[18-65]
NCT00211939,[65 and more]
NCT00213720,[18-65]
NCT00213720,[65 and more]
NCT00257920,[18-65]
NCT00257920,[65 and more]
NCT00261950,[18-65]
NCT00261950,[65 and more]
NCT00278005,[0-17]
NCT00285467,[18-65]
NCT00285467,[65 and more]
NCT00287144,[0-17]
NCT00287144,[18-65]
NCT00287144,[65 and more]
NCT00287287,[18-65]
NCT00287287,[65 and more]
NCT00288522,[18-65]
NCT00288522,[65 and more]
NCT00288873,[18-65]
NCT00288873,[65 and more]
NCT00297297,[18-65]
NCT00297297,[65 and more]
NCT00307840,[18-65]
NCT00307840,[65 and more]
NCT00316823,[18-65]
NCT00316823,[65 and more]
NCT00322322,[18-65]
NCT00322322,[65 and more]
NCT00325104,[18-65]
NCT00325104,[65 and more]
NCT00335062,[0-17]
NCT00335062,[18-65]
NCT00342641,[0-17]
NCT00342641,[18-65]
NCT00342641,[65 and more]
NCT00345839,[18-65]
NCT00345839,[65 and more]
NCT00348413,[18-65]
NCT00352170,[18-65]
NCT00352170,[65 and more]
NCT00360074,[18-65]
NCT00360074,[65 and more]
NCT00364234,[18-65]
NCT00364234,[65 and more]
NCT00374712,[18-65]
NCT00374712,[65 and more]
NCT00381641,[18-65]
NCT00381641,[65 and more]
NCT00385983,[18-65]
NCT00385983,[65 and more]
NCT00388297,[0-17]
NCT00388297,[18-65]
NCT00388297,[65 and more]
NCT00390325,[18-65]
NCT00390325,[65 and more]
NCT00397475,[18-65]
NCT00397475,[65 and more]
NCT00400465,[0-17]
NCT00400465,[18-65]
NCT00400465,[65 and more]
NCT00415233,[0-17]
NCT00415233,[18-65]
NCT00415233,[65 and more]
NCT00415584,[18-65]
NCT00415584,[65 and more]
NCT00416949,[18-65]
NCT00416949,[65 and more]
NCT00418600,[18-65]
NCT00418600,[65 and more]
NCT00424151,[18-65]
NCT00424151,[65 and more]
NCT00430547,[18-65]
NCT00430547,[65 and more]
NCT00431496,[18-65]
NCT00431496,[65 and more]
NCT00432146,[0-17]
NCT00432146,[18-65]
NCT00432939,[18-65]
NCT00432939,[65 and more]
NCT00437931,[18-65]
NCT00437931,[65 and more]
NCT00439127,[0-17]
NCT00439127,[18-65]
NCT00439127,[65 and more]
NCT00446329,[18-65]
NCT00446329,[65 and more]
NCT00454350,[18-65]
NCT00454350,[65 and more]
NCT00459498,[18-65]
NCT00459498,[65 and more]
NCT00463021,[18-65]
NCT00463021,[65 and more]
NCT00469599,[18-65]
NCT00469599,[65 and more]
NCT00470496,[18-65]
NCT00470496,[65 and more]
NCT00480428,[65 and more]
NCT00498238,[18-65]
NCT00498238,[65 and more]
NCT00505011,[0-17]
NCT00505011,[18-65]
NCT00505011,[65 and more]
NCT00507897,[0-17]
NCT00507897,[18-65]
NCT00507897,[65 and more]
NCT00509483,[18-65]
NCT00509483,[65 and more]
NCT00519896,[18-65]
NCT00519896,[65 and more]
NCT00522028,[18-65]
NCT00522028,[65 and more]
NCT00525135,[18-65]
NCT00525135,[65 and more]
NCT00527085,[18-65]
NCT00527085,[65 and more]
NCT00528502,[0-17]
NCT00528502,[18-65]
NCT00528502,[65 and more]
NCT00528788,[18-65]
NCT00528788,[65 and more]
NCT00531713,[18-65]
NCT00531713,[65 and more]
NCT00535561,[18-65]
NCT00535561,[65 and more]
NCT00537797,[18-65]
NCT00537797,[65 and more]
NCT00537979,[18-65]
NCT00537979,[65 and more]
NCT00552253,[18-65]
NCT00552253,[65 and more]
NCT00556530,[0-17]
NCT00556530,[18-65]
NCT00556530,[65 and more]
NCT00559949,[18-65]
NCT00559949,[65 and more]
NCT00560300,[0-17]
NCT00560300,[18-65]
NCT00571077,[18-65]
NCT00571077,[65 and more]
NCT00571090,[0-17]
NCT00571090,[18-65]
NCT00571090,[65 and more]
NCT00576407,[0-17]
NCT00576407,[18-65]
NCT00576407,[65 and more]
NCT00576836,[0-17]
NCT00576836,[18-65]
NCT00576836,[65 and more]
NCT00579527,[0-17]
NCT00579527,[18-65]
NCT00579527,[65 and more]
NCT00579709,[0-17]
NCT00579709,[18-65]
NCT00579709,[65 and more]
NCT00580320,[18-65]
NCT00580320,[65 and more]
NCT00587158,[18-65]
NCT00587158,[65 and more]
NCT00588432,[18-65]
NCT00588432,[65 and more]
NCT00595335,[18-65]
NCT00595335,[65 and more]
NCT00601328,[18-65]
NCT00639405,[18-65]
NCT00639405,[65 and more]
NCT00646282,[18-65]
NCT00646282,[65 and more]
NCT00651625,[18-65]
NCT00651625,[65 and more]
NCT00654238,[18-65]
NCT00654238,[65 and more]
NCT00664430,[18-65]
NCT00664430,[65 and more]
NCT00665795,[18-65]
NCT00665795,[65 and more]
NCT00667576,[18-65]
NCT00667576,[65 and more]
NCT00674154,[18-65]
NCT00674154,[65 and more]
NCT00677469,[18-65]
NCT00697528,[18-65]
NCT00697528,[65 and more]
NCT00701805,[18-65]
NCT00701805,[65 and more]
NCT00729157,[18-65]
NCT00729157,[65 and more]
NCT00742716,[18-65]
NCT00742716,[65 and more]
NCT00752401,[18-65]
NCT00752401,[65 and more]
NCT00754442,[18-65]
NCT00768820,[0-17]
NCT00768820,[18-65]
NCT00768820,[65 and more]
NCT00781417,[18-65]
NCT00781417,[65 and more]
NCT00782366,[18-65]
NCT00782366,[65 and more]
NCT00784173,[0-17]
NCT00784173,[18-65]
NCT00784173,[65 and more]
NCT00792857,[18-65]
NCT00792857,[65 and more]
NCT00796913,[18-65]
NCT00796913,[65 and more]
NCT00803712,[18-65]
NCT00803712,[65 and more]
NCT00804830,[0-17]
NCT00804830,[18-65]
NCT00804830,[65 and more]
NCT00822289,[18-65]
NCT00822289,[65 and more]
NCT00823303,[18-65]
NCT00823303,[65 and more]
NCT00828347,[18-65]
NCT00828347,[65 and more]
NCT00849888,[0-17]
NCT00858104,[18-65]
NCT00858104,[65 and more]
NCT00859612,[18-65]
NCT00859612,[65 and more]
NCT00877630,[0-17]
NCT00877630,[18-65]
NCT00877630,[65 and more]
NCT00877981,[0-17]
NCT00877981,[18-65]
NCT00877981,[65 and more]
NCT00887107,[18-65]
NCT00887107,[65 and more]
NCT00888069,[18-65]
NCT00888069,[65 and more]
NCT00891813,[18-65]
NCT00891813,[65 and more]
NCT00902122,[18-65]
NCT00902122,[65 and more]
NCT00916955,[0-17]
NCT00916955,[18-65]
NCT00916955,[65 and more]
NCT00917189,[0-17]
NCT00917241,[18-65]
NCT00917241,[65 and more]
NCT00921050,[18-65]
NCT00921050,[65 and more]
NCT00928408,[18-65]
NCT00928408,[65 and more]
NCT00936650,[18-65]
NCT00936650,[65 and more]
NCT00936988,[18-65]
NCT00936988,[65 and more]
NCT00946296,[18-65]
NCT00946296,[65 and more]
NCT00958113,[0-17]
NCT00958113,[18-65]
NCT00958113,[65 and more]
NCT00958451,[18-65]
NCT00958451,[65 and more]
NCT00961701,[18-65]
NCT00961701,[65 and more]
NCT00962221,[18-65]
NCT00962221,[65 and more]
NCT00973336,[18-65]
NCT00973336,[65 and more]
NCT00975221,[18-65]
NCT00975221,[65 and more]
NCT00977080,[18-65]
NCT00977080,[65 and more]
NCT00982722,[0-17]
NCT00982722,[18-65]
NCT00982722,[65 and more]
NCT00990704,[18-65]
NCT00990704,[65 and more]
NCT00995163,[0-17]
NCT00995163,[18-65]
NCT00995163,[65 and more]
NCT00999037,[0-17]
NCT00999037,[18-65]
NCT01012414,[18-65]
NCT01012414,[65 and more]
NCT01025128,[18-65]
NCT01025128,[65 and more]
NCT01039818,[18-65]
NCT01039818,[65 and more]
NCT01056419,[18-65]
NCT01056419,[65 and more]
NCT01057732,[18-65]
NCT01057732,[65 and more]
NCT01060982,[18-65]
NCT01060982,[65 and more]
NCT01073462,[18-65]
NCT01073462,[65 and more]
NCT01081665,[18-65]
NCT01081665,[65 and more]
NCT01083186,[18-65]
NCT01083186,[65 and more]
NCT01083550,[18-65]
NCT01083550,[65 and more]
NCT01083849,[18-65]
NCT01083849,[65 and more]
NCT01084356,[18-65]
NCT01084356,[65 and more]
NCT01087619,[65 and more]
NCT01089335,[18-65]
NCT01089335,[65 and more]
NCT01100723,[18-65]
NCT01100723,[65 and more]
NCT01101113,[18-65]
NCT01101113,[65 and more]
NCT01102127,[18-65]
NCT01102127,[65 and more]
NCT01103206,[18-65]
NCT01103206,[65 and more]
NCT01103557,[18-65]
NCT01103557,[65 and more]
NCT01106443,[18-65]
NCT01106443,[65 and more]
NCT01109420,[0-17]
NCT01109420,[18-65]
NCT01109420,[65 and more]
NCT01114503,[18-65]
NCT01114503,[65 and more]
NCT01115543,[18-65]
NCT01115543,[65 and more]
NCT01118065,[18-65]
NCT01118065,[65 and more]
NCT01127503,[0-17]
NCT01127503,[18-65]
NCT01127503,[65 and more]
NCT01134315,[0-17]
NCT01134549,[18-65]
NCT01134562,[18-65]
NCT01134562,[65 and more]
NCT01137097,[18-65]
NCT01137097,[65 and more]
NCT01138475,[18-65]
NCT01138475,[65 and more]
NCT01149291,[18-65]
NCT01149291,[65 and more]
NCT01153360,[18-65]
NCT01153360,[65 and more]
NCT01163565,[18-65]
NCT01163565,[65 and more]
NCT01164176,[18-65]
NCT01164176,[65 and more]
NCT01167309,[18-65]
NCT01167309,[65 and more]
NCT01171690,[18-65]
NCT01171690,[65 and more]
NCT01178450,[18-65]
NCT01178450,[65 and more]
NCT01181531,[18-65]
NCT01181531,[65 and more]
NCT01182285,[18-65]
NCT01182285,[65 and more]
NCT01182584,[0-17]
NCT01182584,[18-65]
NCT01208051,[18-65]
NCT01208051,[65 and more]
NCT01219855,[18-65]
NCT01219855,[65 and more]
NCT01220050,[18-65]
NCT01220050,[65 and more]
NCT01222026,[18-65]
NCT01222026,[65 and more]
NCT01224782,[18-65]
NCT01224782,[65 and more]
NCT01225016,[18-65]
NCT01225016,[65 and more]
NCT01226914,[18-65]
NCT01226914,[65 and more]
NCT01227499,[0-17]
NCT01227499,[18-65]
NCT01227499,[65 and more]
NCT01228786,[0-17]
NCT01228786,[18-65]
NCT01228786,[65 and more]
NCT01229865,[18-65]
NCT01229865,[65 and more]
NCT01254565,[18-65]
NCT01254565,[65 and more]
NCT01265992,[18-65]
NCT01265992,[65 and more]
NCT01269749,[0-17]
NCT01269749,[18-65]
NCT01270425,[18-65]
NCT01270425,[65 and more]
NCT01272414,[18-65]
NCT01272414,[65 and more]
NCT01273597,[18-65]
NCT01273597,[65 and more]
NCT01280214,[18-65]
NCT01280214,[65 and more]
NCT01286753,[18-65]
NCT01286753,[65 and more]
NCT01290029,[0-17]
NCT01291498,[18-65]
NCT01291498,[65 and more]
NCT01295333,[18-65]
NCT01295333,[65 and more]
NCT01297699,[18-65]
NCT01297699,[65 and more]
NCT01306656,[18-65]
NCT01306656,[65 and more]
NCT01306916,[18-65]
NCT01306916,[65 and more]
NCT01307761,[18-65]
NCT01307761,[65 and more]
NCT01308320,[18-65]
NCT01320813,[18-65]
NCT01320813,[65 and more]
NCT01322165,[0-17]
NCT01322165,[18-65]
NCT01322165,[65 and more]
NCT01329666,[18-65]
NCT01329666,[65 and more]
NCT01335802,[18-65]
NCT01335828,[18-65]
NCT01335828,[65 and more]
NCT01341782,[18-65]
NCT01341782,[65 and more]
NCT01341886,[0-17]
NCT01341886,[18-65]
NCT01341886,[65 and more]
NCT01368042,[18-65]
NCT01368042,[65 and more]
NCT01369953,[18-65]
NCT01369953,[65 and more]
NCT01379196,[18-65]
NCT01379196,[65 and more]
NCT01382212,[0-17]
NCT01382966,[18-65]
NCT01382966,[65 and more]
NCT01384786,[18-65]
NCT01384786,[65 and more]
NCT01395134,[18-65]
NCT01395134,[65 and more]
NCT01396733,[18-65]
NCT01396733,[65 and more]
NCT01398774,[0-17]
NCT01398774,[18-65]
NCT01401478,[18-65]
NCT01401478,[65 and more]
NCT01408368,[18-65]
NCT01408368,[65 and more]
NCT01409798,[18-65]
NCT01409798,[65 and more]
NCT01413113,[18-65]
NCT01413113,[65 and more]
NCT01414114,[18-65]
NCT01414114,[65 and more]
NCT01421407,[18-65]
NCT01421407,[65 and more]
NCT01426724,[18-65]
NCT01426724,[65 and more]
NCT01428167,[18-65]
NCT01428167,[65 and more]
NCT01436994,[0-17]
NCT01439867,[0-17]
NCT01441154,[18-65]
NCT01441154,[65 and more]
NCT01447368,[18-65]
NCT01447368,[65 and more]
NCT01453634,[18-65]
NCT01453634,[65 and more]
NCT01458600,[18-65]
NCT01458600,[65 and more]
NCT01460030,[18-65]
NCT01460030,[65 and more]
NCT01465867,[18-65]
NCT01471288,[18-65]
NCT01471288,[65 and more]
NCT01479088,[0-17]
NCT01479088,[18-65]
NCT01484379,[65 and more]
NCT01486667,[18-65]
NCT01486667,[65 and more]
NCT01506947,[18-65]
NCT01506947,[65 and more]
NCT01528904,[18-65]
NCT01530919,[0-17]
NCT01530919,[18-65]
NCT01530919,[65 and more]
NCT01534169,[18-65]
NCT01539486,[18-65]
NCT01539486,[65 and more]
NCT01539499,[18-65]
NCT01539499,[65 and more]
NCT01545622,[18-65]
NCT01545622,[65 and more]
NCT01558115,[18-65]
NCT01558115,[65 and more]
NCT01560299,[18-65]
NCT01560299,[65 and more]
NCT01571843,[18-65]
NCT01571843,[65 and more]
NCT01574287,[18-65]
NCT01574287,[65 and more]
NCT01574859,[0-17]
NCT01574859,[18-65]
NCT01574859,[65 and more]
NCT01576146,[18-65]
NCT01576146,[65 and more]
NCT01579344,[18-65]
NCT01579344,[65 and more]
NCT01579539,[18-65]
NCT01579539,[65 and more]
NCT01598727,[18-65]
NCT01598727,[65 and more]
NCT01599273,[18-65]
NCT01599273,[65 and more]
NCT01609946,[18-65]
NCT01609946,[65 and more]
NCT01611896,[18-65]
NCT01611896,[65 and more]
NCT01616108,[0-17]
NCT01616108,[18-65]
NCT01616108,[65 and more]
NCT01617694,[18-65]
NCT01633853,[18-65]
NCT01633853,[65 and more]
NCT01638533,[18-65]
NCT01638533,[65 and more]
NCT01647503,[0-17]
NCT01647503,[18-65]
NCT01647503,[65 and more]
NCT01648569,[0-17]
NCT01648569,[18-65]
NCT01649206,[18-65]
NCT01649206,[65 and more]
NCT01651000,[18-65]
NCT01651000,[65 and more]
NCT01653379,[18-65]
NCT01653379,[65 and more]
NCT01655719,[18-65]
NCT01655719,[65 and more]
NCT01660126,[65 and more]
NCT01661179,[18-65]
NCT01661179,[65 and more]
NCT01665651,[18-65]
NCT01675089,[18-65]
NCT01675089,[65 and more]
NCT01690806,[0-17]
NCT01690806,[18-65]
NCT01690806,[65 and more]
NCT01704079,[18-65]
NCT01704079,[65 and more]
NCT01704586,[18-65]
NCT01704586,[65 and more]
NCT01725113,[18-65]
NCT01725113,[65 and more]
NCT01727973,[18-65]
NCT01738243,[18-65]
NCT01738243,[65 and more]
NCT01739972,[18-65]
NCT01739972,[65 and more]
NCT01741064,[18-65]
NCT01741064,[65 and more]
NCT01744769,[18-65]
NCT01744769,[65 and more]
NCT01750593,[18-65]
NCT01750593,[65 and more]
NCT01756534,[18-65]
NCT01756534,[65 and more]
NCT01757834,[18-65]
NCT01757834,[65 and more]
NCT01760421,[18-65]
NCT01776502,[0-17]
NCT01776502,[18-65]
NCT01778400,[18-65]
NCT01778400,[65 and more]
NCT01779817,[0-17]
NCT01781923,[0-17]
NCT01783002,[18-65]
NCT01783002,[65 and more]
NCT01785849,[18-65]
NCT01785849,[65 and more]
NCT01785875,[18-65]
NCT01785875,[65 and more]
NCT01788046,[18-65]
NCT01788046,[65 and more]
NCT01788982,[18-65]
NCT01788982,[65 and more]
NCT01789541,[18-65]
NCT01789541,[65 and more]
NCT01794676,[0-17]
NCT01794676,[18-65]
NCT01794676,[65 and more]
NCT01798966,[18-65]
NCT01798966,[65 and more]
NCT01805856,[0-17]
NCT01805856,[18-65]
NCT01805856,[65 and more]
NCT01809444,[18-65]
NCT01811212,[18-65]
NCT01811212,[65 and more]
NCT01821781,[0-17]
NCT01821781,[18-65]
NCT01830504,[18-65]
NCT01830504,[65 and more]
NCT01832753,[0-17]
NCT01832753,[18-65]
NCT01837433,[18-65]
NCT01837433,[65 and more]
NCT01837745,[18-65]
NCT01837745,[65 and more]
NCT01838031,[18-65]
NCT01838629,[0-17]
NCT01838629,[18-65]
NCT01838629,[65 and more]
NCT01853579,[65 and more]
NCT01856920,[18-65]
NCT01856920,[65 and more]
NCT01868750,[18-65]
NCT01868750,[65 and more]
NCT01868997,[18-65]
NCT01868997,[65 and more]
NCT01880203,[18-65]
NCT01880203,[65 and more]
NCT01884649,[18-65]
NCT01884649,[65 and more]
NCT01885533,[18-65]
NCT01885533,[65 and more]
NCT01889134,[18-65]
NCT01889134,[65 and more]
NCT01893450,[18-65]
NCT01896232,[18-65]
NCT01896232,[65 and more]
NCT01922843,[18-65]
NCT01922843,[65 and more]
NCT01927406,[18-65]
NCT01927406,[65 and more]
NCT01927887,[18-65]
NCT01927887,[65 and more]
NCT01932970,[18-65]
NCT01932970,[65 and more]
NCT01939977,[18-65]
NCT01939977,[65 and more]
NCT01945762,[18-65]
NCT01945762,[65 and more]
NCT01950260,[18-65]
NCT01950260,[65 and more]
NCT01969019,[18-65]
NCT01969019,[65 and more]
NCT01985204,[18-65]
NCT01996072,[18-65]
NCT01996072,[65 and more]
NCT01999790,[18-65]
NCT01999790,[65 and more]
NCT02017080,[18-65]
NCT02024906,[18-65]
NCT02024906,[65 and more]
NCT02041260,[18-65]
NCT02041260,[65 and more]
NCT02054572,[18-65]
NCT02054572,[65 and more]
NCT02055989,[18-65]
NCT02055989,[65 and more]
NCT02056730,[18-65]
NCT02056730,[65 and more]
NCT02059655,[18-65]
NCT02059655,[65 and more]
NCT02061111,[18-65]
NCT02070211,[0-17]
NCT02070211,[18-65]
NCT02089542,[18-65]
NCT02089542,[65 and more]
NCT02090907,[18-65]
NCT02090907,[65 and more]
NCT02102204,[18-65]
NCT02102204,[65 and more]
NCT02107794,[18-65]
NCT02107794,[65 and more]
NCT02109250,[18-65]
NCT02109250,[65 and more]
NCT02112370,[18-65]
NCT02112370,[65 and more]
NCT02112643,[18-65]
NCT02112643,[65 and more]
NCT02114619,[18-65]
NCT02114619,[65 and more]
NCT02126683,[18-65]
NCT02133404,[18-65]
NCT02133404,[65 and more]
NCT02138214,[18-65]
NCT02138214,[65 and more]
NCT02138838,[0-17]
NCT02140476,[18-65]
NCT02140476,[65 and more]
NCT02143271,[18-65]
NCT02143271,[65 and more]
NCT02143726,[18-65]
NCT02143726,[65 and more]
NCT02147782,[18-65]
NCT02150772,[18-65]
NCT02150772,[65 and more]
NCT02152995,[18-65]
NCT02152995,[65 and more]
NCT02155049,[18-65]
NCT02155049,[65 and more]
NCT02169687,[18-65]
NCT02169687,[65 and more]
NCT02186405,[18-65]
NCT02186405,[65 and more]
NCT02190214,[18-65]
NCT02190214,[65 and more]
NCT02194920,[0-17]
NCT02194920,[18-65]
NCT02194920,[65 and more]
NCT02203682,[18-65]
NCT02203682,[65 and more]
NCT02205801,[18-65]
NCT02205801,[65 and more]
NCT02210741,[18-65]
NCT02210741,[65 and more]
NCT02216656,[18-65]
NCT02216656,[65 and more]
NCT02227264,[18-65]
NCT02227264,[65 and more]
NCT02246504,[18-65]
NCT02246504,[65 and more]
NCT02258347,[18-65]
NCT02258347,[65 and more]
NCT02268734,[18-65]
NCT02268734,[65 and more]
NCT02273570,[18-65]
NCT02273570,[65 and more]
NCT02274623,[18-65]
NCT02274623,[65 and more]
NCT02282813,[18-65]
NCT02282813,[65 and more]
NCT02289144,[18-65]
NCT02289144,[65 and more]
NCT02290704,[18-65]
NCT02290704,[65 and more]
NCT02316691,[18-65]
NCT02316691,[65 and more]
NCT02316743,[18-65]
NCT02316743,[65 and more]
NCT02319538,[18-65]
NCT02319538,[65 and more]
NCT02332135,[18-65]
NCT02332135,[65 and more]
NCT02338934,[18-65]
NCT02338934,[65 and more]
NCT02339142,[18-65]
NCT02339142,[65 and more]
NCT02341417,[0-17]
NCT02341417,[18-65]
NCT02352766,[18-65]
NCT02352766,[65 and more]
NCT02373995,[18-65]
NCT02373995,[65 and more]
NCT02376088,[18-65]
NCT02376088,[65 and more]
NCT02378298,[18-65]
NCT02378298,[65 and more]
NCT02381457,[18-65]
NCT02381925,[18-65]
NCT02381925,[65 and more]
NCT02384668,[18-65]
NCT02384668,[65 and more]
NCT02393183,[18-65]
NCT02393183,[65 and more]
NCT02393690,[18-65]
NCT02393690,[65 and more]
NCT02397109,[18-65]
NCT02397109,[65 and more]
NCT02398721,[18-65]
NCT02398721,[65 and more]
NCT02399475,[65 and more]
NCT02408887,[18-65]
NCT02408887,[65 and more]
NCT02410928,[18-65]
NCT02410928,[65 and more]
NCT02417389,[18-65]
NCT02417389,[65 and more]
NCT02422368,[18-65]
NCT02422368,[65 and more]
NCT02430584,[18-65]
NCT02430584,[65 and more]
NCT02430857,[18-65]
NCT02430857,[65 and more]
NCT02432274,[0-17]
NCT02432274,[18-65]
NCT02432599,[18-65]
NCT02432599,[65 and more]
NCT02440581,[18-65]
NCT02440581,[65 and more]
NCT02452073,[0-17]
NCT02452073,[18-65]
NCT02452073,[65 and more]
NCT02460328,[0-17]
NCT02462512,[18-65]
NCT02462512,[65 and more]
NCT02463409,[0-17]
NCT02463409,[18-65]
NCT02464072,[0-17]
NCT02464072,[18-65]
NCT02464072,[65 and more]
NCT02491502,[18-65]
NCT02491502,[65 and more]
NCT02491567,[0-17]
NCT02491567,[18-65]
NCT02500342,[65 and more]
NCT02516774,[18-65]
NCT02516774,[65 and more]
NCT02523209,[18-65]
NCT02523209,[65 and more]
NCT02525796,[18-65]
NCT02525796,[65 and more]
NCT02535975,[18-65]
NCT02535975,[65 and more]
NCT02536287,[18-65]
NCT02536287,[65 and more]
NCT02539498,[0-17]
NCT02539498,[18-65]
NCT02539498,[65 and more]
NCT02549391,[18-65]
NCT02549391,[65 and more]
NCT02549404,[18-65]
NCT02549404,[65 and more]
NCT02549417,[18-65]
NCT02549417,[65 and more]
NCT02551120,[0-17]
NCT02551120,[18-65]
NCT02551120,[65 and more]
NCT02556216,[18-65]
NCT02556216,[65 and more]
NCT02609685,[18-65]
NCT02609685,[65 and more]
NCT02620085,[18-65]
NCT02620085,[65 and more]
NCT02645786,[18-65]
NCT02652884,[18-65]
NCT02652884,[65 and more]
NCT02658552,[18-65]
NCT02658552,[65 and more]
NCT02665325,[18-65]
NCT02665325,[65 and more]
NCT02681328,[18-65]
NCT02681328,[65 and more]
NCT02685514,[18-65]
NCT02685514,[65 and more]
NCT02693808,[18-65]
NCT02693808,[65 and more]
NCT02697578,[18-65]
NCT02697578,[65 and more]
NCT02708368,[18-65]
NCT02708368,[65 and more]
NCT02710799,[18-65]
NCT02710799,[65 and more]
NCT02713256,[18-65]
NCT02713256,[65 and more]
NCT02714946,[18-65]
NCT02714946,[65 and more]
NCT02721992,[18-65]
NCT02721992,[65 and more]
NCT02724176,[18-65]
NCT02724176,[65 and more]
NCT02725879,[0-17]
NCT02725879,[18-65]
NCT02727738,[18-65]
NCT02727738,[65 and more]
NCT02764554,[0-17]
NCT02764554,[18-65]
NCT02764554,[65 and more]
NCT02766660,[0-17]
NCT02766660,[18-65]
NCT02766660,[65 and more]
NCT02772705,[18-65]
NCT02772705,[65 and more]
NCT02778412,[18-65]
NCT02778412,[65 and more]
NCT02784223,[18-65]
NCT02784223,[65 and more]
NCT02787486,[18-65]
NCT02798965,[18-65]
NCT02798965,[65 and more]
NCT02824016,[18-65]
NCT02824016,[65 and more]
NCT02824718,[18-65]
NCT02824718,[65 and more]
NCT02830789,[18-65]
NCT02830789,[65 and more]
NCT02831179,[18-65]
NCT02831179,[65 and more]
NCT02833857,[0-17]
NCT02839655,[18-65]
NCT02839655,[65 and more]
NCT02843542,[18-65]
NCT02845336,[18-65]
NCT02845336,[65 and more]
NCT02854345,[18-65]
NCT02854345,[65 and more]
NCT02859896,[0-17]
NCT02859896,[18-65]
NCT02862470,[18-65]
NCT02862470,[65 and more]
NCT02890472,[18-65]
NCT02890472,[65 and more]
NCT02895061,[18-65]
NCT02895061,[65 and more]
NCT02895906,[0-17]
NCT02904330,[18-65]
NCT02904330,[65 and more]
NCT02915172,[18-65]
NCT02915172,[65 and more]
NCT02946918,[18-65]
NCT02946918,[65 and more]
NCT02953288,[18-65]
NCT02953288,[65 and more]
NCT02966093,[18-65]
NCT02966093,[65 and more]
NCT02973802,[18-65]
NCT02973802,[65 and more]
NCT02973997,[18-65]
NCT02973997,[65 and more]
NCT02989103,[18-65]
NCT02989103,[65 and more]
NCT02989428,[18-65]
NCT02989428,[65 and more]
NCT02993302,[18-65]
NCT02993302,[65 and more]
NCT03002623,[18-65]
NCT03002623,[65 and more]
NCT03004209,[18-65]
NCT03004209,[65 and more]
NCT03009279,[0-17]
NCT03009279,[18-65]
NCT03009279,[65 and more]
NCT03009357,[18-65]
NCT03011736,[18-65]
NCT03011736,[65 and more]
NCT03012620,[0-17]
NCT03012620,[18-65]
NCT03012620,[65 and more]
NCT03013257,[18-65]
NCT03013257,[65 and more]
NCT03023748,[18-65]
NCT03023748,[65 and more]
NCT03027557,[18-65]
NCT03027557,[65 and more]
NCT03032198,[18-65]
NCT03032198,[65 and more]
NCT03036956,[18-65]
NCT03039439,[0-17]
NCT03039439,[18-65]
NCT03039439,[65 and more]
NCT03046524,[18-65]
NCT03046524,[65 and more]
NCT03051126,[0-17]
NCT03051126,[18-65]
NCT03051126,[65 and more]
NCT03052075,[0-17]
NCT03052075,[18-65]
NCT03052075,[65 and more]
NCT03057925,[18-65]
NCT03057925,[65 and more]
NCT03061318,[18-65]
NCT03061318,[65 and more]
NCT03063190,[18-65]
NCT03063190,[65 and more]
NCT03066076,[18-65]
NCT03066076,[65 and more]
NCT03072160,[18-65]
NCT03072160,[65 and more]
NCT03082742,[18-65]
NCT03082742,[65 and more]
NCT03091140,[18-65]
NCT03091140,[65 and more]
NCT03093909,[0-17]
NCT03093909,[18-65]
NCT03094416,[18-65]
NCT03094416,[65 and more]
NCT03096613,[18-65]
NCT03096613,[65 and more]
NCT03098225,[18-65]
NCT03098225,[65 and more]
NCT03102099,[18-65]
NCT03102099,[65 and more]
NCT03102177,[18-65]
NCT03102177,[65 and more]
NCT03103607,[18-65]
NCT03103607,[65 and more]
NCT03105648,[18-65]
NCT03105648,[65 and more]
NCT03106337,[18-65]
NCT03106337,[65 and more]
NCT03106935,[18-65]
NCT03107078,[18-65]
NCT03107078,[65 and more]
NCT03108222,[18-65]
NCT03108222,[65 and more]
NCT03109847,[18-65]
NCT03109847,[65 and more]
NCT03110835,[18-65]
NCT03110835,[65 and more]
NCT03110848,[18-65]
NCT03110848,[65 and more]
NCT03114267,[18-65]
NCT03114267,[65 and more]
NCT03115515,[18-65]
NCT03120221,[18-65]
NCT03122496,[18-65]
NCT03122496,[65 and more]
NCT03122847,[18-65]
NCT03122847,[65 and more]
NCT03123406,[18-65]
NCT03123406,[65 and more]
NCT03128255,[18-65]
NCT03128255,[65 and more]
NCT03131206,[18-65]
NCT03131206,[65 and more]
NCT03131726,[18-65]
NCT03131726,[65 and more]
NCT03134976,[18-65]
NCT03134976,[65 and more]
NCT03137316,[18-65]
NCT03137316,[65 and more]
NCT03157466,[18-65]
NCT03157466,[65 and more]
NCT03158961,[18-65]
NCT03158961,[65 and more]
NCT03160482,[18-65]
NCT03160482,[65 and more]
NCT03162627,[18-65]
NCT03162627,[65 and more]
NCT03167385,[18-65]
NCT03167385,[65 and more]
NCT03174925,[18-65]
NCT03174925,[65 and more]
NCT03178253,[18-65]
NCT03178253,[65 and more]
NCT03182699,[18-65]
NCT03182699,[65 and more]
NCT03183752,[18-65]
NCT03183752,[65 and more]
NCT03194087,[18-65]
NCT03194087,[65 and more]
NCT03195296,[18-65]
NCT03195296,[65 and more]
NCT03199677,[18-65]
NCT03199677,[65 and more]
NCT03211117,[18-65]
NCT03211117,[65 and more]
NCT03226171,[18-65]
NCT03226171,[65 and more]
NCT03239769,[18-65]
NCT03239769,[65 and more]
NCT03244956,[18-65]
NCT03244956,[65 and more]
NCT03249012,[18-65]
NCT03249012,[65 and more]
NCT03257930,[0-17]
NCT03257930,[18-65]
NCT03268785,[18-65]
NCT03271892,[18-65]
NCT03271892,[65 and more]
NCT03274258,[18-65]
NCT03274258,[65 and more]
NCT03278964,[18-65]
NCT03278964,[65 and more]
NCT03280264,[18-65]
NCT03280264,[65 and more]
NCT03283098,[18-65]
NCT03283098,[65 and more]
NCT03284060,[0-17]
NCT03285854,[0-17]
NCT03285854,[18-65]
NCT03295955,[18-65]
NCT03295955,[65 and more]
NCT03298867,[18-65]
NCT03298867,[65 and more]
NCT03299244,[18-65]
NCT03299244,[65 and more]
NCT03300284,[18-65]
NCT03300284,[65 and more]
NCT03303053,[18-65]
NCT03303053,[65 and more]
NCT03307694,[18-65]
NCT03307694,[65 and more]
NCT03309384,[0-17]
NCT03309384,[18-65]
NCT03309384,[65 and more]
NCT03309631,[18-65]
NCT03309631,[65 and more]
NCT03324022,[18-65]
NCT03324022,[65 and more]
NCT03324334,[18-65]
NCT03324334,[65 and more]
NCT03324893,[18-65]
NCT03324893,[65 and more]
NCT03327636,[18-65]
NCT03327636,[65 and more]
NCT03331172,[18-65]
NCT03331172,[65 and more]
NCT03363347,[18-65]
NCT03363347,[65 and more]
NCT03375359,[18-65]
NCT03375359,[65 and more]
NCT03382158,[0-17]
NCT03382158,[18-65]
NCT03382158,[65 and more]
NCT03387943,[18-65]
NCT03387943,[65 and more]
NCT03395925,[18-65]
NCT03395925,[65 and more]
NCT03420963,[0-17]
NCT03420963,[18-65]
NCT03425747,[18-65]
NCT03425747,[65 and more]
NCT03434067,[18-65]
NCT03434067,[65 and more]
NCT03435952,[18-65]
NCT03435952,[65 and more]
NCT03440697,[0-17]
NCT03440697,[18-65]
NCT03440697,[65 and more]
NCT03447093,[18-65]
NCT03447093,[65 and more]
NCT03461211,[18-65]
NCT03461211,[65 and more]
NCT03464149,[18-65]
NCT03464149,[65 and more]
NCT03469310,[18-65]
NCT03469310,[65 and more]
NCT03484416,[18-65]
NCT03484416,[65 and more]
NCT03498183,[18-65]
NCT03498183,[65 and more]
NCT03498417,[18-65]
NCT03498417,[65 and more]
NCT03515863,[18-65]
NCT03515863,[65 and more]
NCT03516747,[18-65]
NCT03516747,[65 and more]
NCT03517267,[18-65]
NCT03517267,[65 and more]
NCT03517579,[18-65]
NCT03517579,[65 and more]
NCT03530462,[0-17]
NCT03530462,[18-65]
NCT03535090,[18-65]
NCT03535090,[65 and more]
NCT03535974,[18-65]
NCT03535974,[65 and more]
NCT03543891,[18-65]
NCT03543891,[65 and more]
NCT03566537,[18-65]
NCT03566537,[65 and more]
NCT03569787,[0-17]
NCT03569787,[18-65]
NCT03569787,[65 and more]
NCT03574051,[18-65]
NCT03574051,[65 and more]
NCT03588884,[18-65]
NCT03588884,[65 and more]
NCT03590080,[18-65]
NCT03590080,[65 and more]
NCT03602261,[18-65]
NCT03602261,[65 and more]
NCT03605472,[18-65]
NCT03605472,[65 and more]
NCT03606824,[18-65]
NCT03606824,[65 and more]
NCT03614988,[18-65]
NCT03614988,[65 and more]
NCT03626246,[18-65]
NCT03626246,[65 and more]
NCT03626948,[18-65]
NCT03626948,[65 and more]
NCT03633708,[0-17]
NCT03633708,[18-65]
NCT03641638,[18-65]
NCT03643081,[18-65]
NCT03643081,[65 and more]
NCT03646383,[18-65]
NCT03646383,[65 and more]
NCT03660800,[18-65]
NCT03667157,[18-65]
NCT03667157,[65 and more]
NCT03669432,[18-65]
NCT03669432,[65 and more]
NCT03676647,[18-65]
NCT03676647,[65 and more]
NCT03699098,[18-65]
NCT03699098,[65 and more]
NCT03700762,[0-17]
NCT03700762,[18-65]
NCT03700762,[65 and more]
NCT03708627,[18-65]
NCT03708627,[65 and more]
NCT03712683,[18-65]
NCT03713671,[18-65]
NCT03713671,[65 and more]
NCT03716128,[18-65]
NCT03716128,[65 and more]
NCT03718403,[0-17]
NCT03718403,[18-65]
NCT03724188,[18-65]
NCT03724188,[65 and more]
NCT03732157,[18-65]
NCT03732157,[65 and more]
NCT03732495,[18-65]
NCT03732495,[65 and more]
NCT03753919,[18-65]
NCT03753919,[65 and more]
NCT03761290,[0-17]
NCT03761290,[18-65]
NCT03764007,[0-17]
NCT03764007,[18-65]
NCT03764007,[65 and more]
NCT03772496,[18-65]
NCT03772496,[65 and more]
NCT03773120,[18-65]
NCT03773120,[65 and more]
NCT03774771,[18-65]
NCT03774771,[65 and more]
NCT03774862,[0-17]
NCT03774862,[18-65]
NCT03774862,[65 and more]
NCT03776058,[18-65]
NCT03776058,[65 and more]
NCT03801980,[18-65]
NCT03801980,[65 and more]
NCT03808779,[18-65]
NCT03808779,[65 and more]
NCT03813173,[18-65]
NCT03813173,[65 and more]
NCT03813706,[18-65]
NCT03813706,[65 and more]
NCT03822507,[18-65]
NCT03822507,[65 and more]
NCT03830242,[18-65]
NCT03830242,[65 and more]
NCT03831620,[18-65]
NCT03831620,[65 and more]
NCT03835728,[18-65]
NCT03835728,[65 and more]
NCT03836300,[0-17]
NCT03836300,[18-65]
NCT03836300,[65 and more]
NCT03845647,[18-65]
NCT03845647,[65 and more]
NCT03866382,[18-65]
NCT03866382,[65 and more]
NCT03872284,[18-65]
NCT03872284,[65 and more]
NCT03878953,[18-65]
NCT03878953,[65 and more]
NCT03880578,[18-65]
NCT03880578,[65 and more]
NCT03884140,[18-65]
NCT03884140,[65 and more]
NCT03887611,[18-65]
NCT03887611,[65 and more]
NCT03889431,[18-65]
NCT03891043,[18-65]
NCT03891043,[65 and more]
NCT03896958,[0-17]
NCT03896958,[18-65]
NCT03896958,[65 and more]
NCT03898622,[18-65]
NCT03898622,[65 and more]
NCT03910049,[18-65]
NCT03910049,[65 and more]
NCT03922321,[18-65]
NCT03922321,[65 and more]
NCT03924804,[18-65]
NCT03924804,[65 and more]
NCT03931109,[18-65]
NCT03931109,[65 and more]
NCT03935984,[18-65]
NCT03935984,[65 and more]
NCT03937349,[18-65]
NCT03937349,[65 and more]
NCT03938545,[18-65]
NCT03938545,[65 and more]
NCT03941184,[18-65]
NCT03941184,[65 and more]
NCT03948191,[18-65]
NCT03948191,[65 and more]
NCT03957616,[0-17]
NCT03957616,[18-65]
NCT03957616,[65 and more]
NCT03960437,[18-65]
NCT03960437,[65 and more]
NCT03960554,[18-65]
NCT03960554,[65 and more]
NCT03969108,[18-65]
NCT03969108,[65 and more]
NCT03969329,[0-17]
NCT03980132,[18-65]
NCT03980132,[65 and more]
NCT03986593,[18-65]
NCT03986593,[65 and more]
NCT04009863,[18-65]
NCT04009863,[65 and more]
NCT04012476,[18-65]
NCT04012476,[65 and more]
NCT04013100,[18-65]
NCT04013100,[65 and more]
NCT04013139,[18-65]
NCT04013139,[65 and more]
NCT04019379,[18-65]
NCT04019379,[65 and more]
NCT04025034,[18-65]
NCT04025034,[65 and more]
NCT04031638,[18-65]
NCT04031638,[65 and more]
NCT04040946,[18-65]
NCT04040946,[65 and more]
NCT04046354,[18-65]
NCT04046354,[65 and more]
NCT04053114,[18-65]
NCT04053114,[65 and more]
NCT04064827,[0-17]
NCT04075851,[18-65]
NCT04075851,[65 and more]
NCT04080505,[18-65]
NCT04080505,[65 and more]
NCT04085419,[0-17]
NCT04085419,[18-65]
NCT04085419,[65 and more]
NCT04085913,[18-65]
NCT04085913,[65 and more]
NCT04096612,[18-65]
NCT04096612,[65 and more]
NCT04106596,[18-65]
NCT04106596,[65 and more]
NCT04106843,[18-65]
NCT04106843,[65 and more]
NCT04126954,[0-17]
NCT04126954,[18-65]
NCT04126954,[65 and more]
NCT04129281,[18-65]
NCT04129281,[65 and more]
NCT04135573,[18-65]
NCT04135573,[65 and more]
NCT04141540,[18-65]
NCT04146259,[18-65]
NCT04146259,[65 and more]
NCT04171622,[18-65]
NCT04171622,[65 and more]
NCT04175522,[0-17]
NCT04175522,[18-65]
NCT04175522,[65 and more]
NCT04178928,[0-17]
NCT04180007,[18-65]
NCT04180007,[65 and more]
NCT04193332,[18-65]
NCT04193332,[65 and more]
NCT04216732,[18-65]
NCT04216732,[65 and more]
NCT04233398,[18-65]
NCT04233398,[65 and more]
NCT04239521,[0-17]
NCT04239521,[18-65]
NCT04239521,[65 and more]
NCT04248114,[18-65]
NCT04248114,[65 and more]
NCT04267965,[18-65]
NCT04267965,[65 and more]
NCT04268407,[18-65]
NCT04268407,[65 and more]
NCT04270110,[0-17]
NCT04270110,[18-65]
NCT04281875,[18-65]
NCT04281875,[65 and more]
NCT04284774,[0-17]
NCT04284774,[18-65]
NCT04288115,[18-65]
NCT04288115,[65 and more]
NCT04288531,[18-65]
NCT04298684,[18-65]
NCT04298684,[65 and more]
NCT04299425,[18-65]
NCT04299425,[65 and more]
NCT04304794,[18-65]
NCT04304794,[65 and more]
NCT04305561,[18-65]
NCT04305561,[65 and more]
NCT04311606,[18-65]
NCT04311606,[65 and more]
NCT04312646,[0-17]
NCT04312646,[18-65]
NCT04312646,[65 and more]
NCT04329455,[18-65]
NCT04333342,[18-65]
NCT04339127,[0-17]
NCT04339127,[18-65]
NCT04339127,[65 and more]
NCT04339205,[0-17]
NCT04339205,[18-65]
NCT04339205,[65 and more]
NCT04344886,[18-65]
NCT04344886,[65 and more]
NCT04354896,[65 and more]
NCT04359979,[18-65]
NCT04359979,[65 and more]
NCT04373226,[0-17]
NCT04376203,[0-17]
NCT04376203,[18-65]
NCT04376203,[65 and more]
NCT04383795,[18-65]
NCT04383795,[65 and more]
NCT04391439,[18-65]
NCT04391439,[65 and more]
NCT04396158,[0-17]
NCT04396158,[18-65]
NCT04396912,[0-17]
NCT04396912,[18-65]
NCT04396912,[65 and more]
NCT04410601,[0-17]
NCT04410601,[18-65]
NCT04410601,[65 and more]
NCT04411290,[0-17]
NCT04411290,[18-65]
NCT04411290,[65 and more]
NCT04412694,[18-65]
NCT04412694,[65 and more]
NCT04424485,[0-17]
NCT04424485,[18-65]
NCT04424485,[65 and more]
NCT04433936,[0-17]
NCT04433936,[18-65]
NCT04433936,[65 and more]
NCT04450472,[18-65]
NCT04450472,[65 and more]
NCT04458233,[18-65]
NCT04458233,[65 and more]
NCT04463316,[18-65]
NCT04463316,[65 and more]
NCT04463719,[18-65]
NCT04463719,[65 and more]
NCT04467021,[18-65]
NCT04467021,[65 and more]
NCT04472026,[18-65]
NCT04472026,[65 and more]
NCT04477798,[18-65]
NCT04477798,[65 and more]
NCT04482907,[18-65]
NCT04482907,[65 and more]
NCT04484116,[18-65]
NCT04484116,[65 and more]
NCT04488406,[18-65]
NCT04488406,[65 and more]
NCT04488640,[18-65]
NCT04488640,[65 and more]
NCT04509011,[18-65]
NCT04509011,[65 and more]
NCT04514484,[18-65]
NCT04514484,[65 and more]
NCT04522622,[18-65]
NCT04522622,[65 and more]
NCT04523974,[18-65]
NCT04523974,[65 and more]
NCT04548284,[18-65]
NCT04548284,[65 and more]
NCT04560127,[18-65]
NCT04560127,[65 and more]
NCT04564924,[18-65]
NCT04564924,[65 and more]
NCT04569604,[18-65]
NCT04569604,[65 and more]
NCT04570033,[0-17]
NCT04570033,[18-65]
NCT04570033,[65 and more]
NCT04574258,[18-65]
NCT04574258,[65 and more]
NCT04574947,[18-65]
NCT04574947,[65 and more]
NCT04577664,[18-65]
NCT04577664,[65 and more]
NCT04580199,[18-65]
NCT04580199,[65 and more]
NCT04583735,[18-65]
NCT04583735,[65 and more]
NCT04598815,[18-65]
NCT04598815,[65 and more]
NCT04601298,[18-65]
NCT04601298,[65 and more]
NCT04604808,[18-65]
NCT04604808,[65 and more]
NCT04608253,[18-65]
NCT04608253,[65 and more]
NCT04610723,[18-65]
NCT04610723,[65 and more]
NCT04614389,[18-65]
NCT04614389,[65 and more]
NCT04632524,[18-65]
NCT04632524,[65 and more]
NCT04637360,[18-65]
NCT04637360,[65 and more]
NCT04639388,[0-17]
NCT04639960,[0-17]
NCT04639960,[18-65]
NCT04647006,[18-65]
NCT04647006,[65 and more]
NCT04647500,[0-17]
NCT04647500,[18-65]
NCT04662190,[18-65]
NCT04662190,[65 and more]
NCT04663451,[18-65]
NCT04663451,[65 and more]
NCT04666103,[18-65]
NCT04666103,[65 and more]
NCT04671719,[0-17]
NCT04671719,[18-65]
NCT04671719,[65 and more]
NCT04680650,[18-65]
NCT04680650,[65 and more]
NCT04682340,[18-65]
NCT04683575,[18-65]
NCT04683575,[65 and more]
NCT04686006,[0-17]
NCT04686006,[18-65]
NCT04686006,[65 and more]
NCT04690842,[0-17]
NCT04690842,[18-65]
NCT04704414,[18-65]
NCT04704414,[65 and more]
NCT04708626,[0-17]
NCT04708626,[18-65]
NCT04708626,[65 and more]
NCT04714918,[0-17]
NCT04714918,[18-65]
NCT04714918,[65 and more]
NCT04730726,[18-65]
NCT04730726,[65 and more]
NCT04731740,[18-65]
NCT04731740,[65 and more]
NCT04737330,[18-65]
NCT04737330,[65 and more]
NCT04740502,[0-17]
NCT04740502,[18-65]
NCT04740502,[65 and more]
NCT04750460,[18-65]
NCT04750460,[65 and more]
NCT04759053,[18-65]
NCT04759053,[65 and more]
NCT04763122,[0-17]
NCT04763122,[18-65]
NCT04763122,[65 and more]
NCT04767763,[0-17]
NCT04767763,[18-65]
NCT04767763,[65 and more]
NCT04776993,[18-65]
NCT04776993,[65 and more]
NCT04782856,[18-65]
NCT04782856,[65 and more]
NCT04785443,[18-65]
NCT04785443,[65 and more]
NCT04789993,[0-17]
NCT04789993,[18-65]
NCT04789993,[65 and more]
NCT04798092,[18-65]
NCT04798092,[65 and more]
NCT04806672,[18-65]
NCT04809454,[18-65]
NCT04823728,[18-65]
NCT04823728,[65 and more]
NCT04842994,[0-17]
NCT04842994,[18-65]
NCT04842994,[65 and more]
NCT04844164,[18-65]
NCT04846010,[0-17]
NCT04846010,[18-65]
NCT04846010,[65 and more]
NCT04856488,[18-65]
NCT04856488,[65 and more]
NCT04876534,[18-65]
NCT04876534,[65 and more]
NCT04877613,[18-65]
NCT04877613,[65 and more]
NCT04879173,[0-17]
NCT04879173,[18-65]
NCT04879173,[65 and more]
NCT04879355,[18-65]
NCT04879355,[65 and more]
NCT04883294,[18-65]
NCT04883294,[65 and more]
NCT04895631,[0-17]
NCT04895631,[18-65]
NCT04895631,[65 and more]
NCT04905641,[0-17]
NCT04905641,[18-65]
NCT04905641,[65 and more]
NCT04916262,[18-65]
NCT04916262,[65 and more]
NCT04919694,[18-65]
NCT04919694,[65 and more]
NCT04922892,[18-65]
NCT04922892,[65 and more]
NCT04927416,[18-65]
NCT04927416,[65 and more]
NCT04927468,[18-65]
NCT04927468,[65 and more]
NCT04932135,[18-65]
NCT04932135,[65 and more]
NCT04936854,[18-65]
NCT04936854,[65 and more]
NCT04942769,[18-65]
NCT04942769,[65 and more]
NCT04948671,[18-65]
NCT04948671,[65 and more]
NCT04953195,[18-65]
NCT04953195,[65 and more]
NCT04969926,[0-17]
NCT04969926,[18-65]
NCT04969926,[65 and more]
NCT04976816,[18-65]
NCT04976816,[65 and more]
NCT04988802,[18-65]
NCT04988802,[65 and more]
NCT04994080,[18-65]
NCT04994080,[65 and more]
NCT04998968,[18-65]
NCT04998968,[65 and more]
NCT05002998,[18-65]
NCT05002998,[65 and more]
NCT05007093,[18-65]
NCT05007093,[65 and more]
NCT05012033,[18-65]
NCT05012033,[65 and more]
NCT05015127,[18-65]
NCT05015127,[65 and more]
NCT05017142,[0-17]
NCT05017142,[18-65]
NCT05017142,[65 and more]
NCT05019118,[18-65]
NCT05019118,[65 and more]
NCT05022641,[18-65]
NCT05022641,[65 and more]
NCT05043233,[18-65]
NCT05043233,[65 and more]
NCT05049603,[18-65]
NCT05049603,[65 and more]
NCT05059470,[18-65]
NCT05059470,[65 and more]
NCT05068687,[18-65]
NCT05068687,[65 and more]
NCT05070091,[18-65]
NCT05070091,[65 and more]
NCT05096195,[18-65]
NCT05096195,[65 and more]
NCT05098600,[0-17]
NCT05098600,[18-65]
NCT05098600,[65 and more]
NCT05108298,[18-65]
NCT05110040,[18-65]
NCT05110040,[65 and more]
NCT05112211,[18-65]
NCT05112211,[65 and more]
NCT05117853,[18-65]
NCT05117853,[65 and more]
NCT05118542,[18-65]
NCT05118542,[65 and more]
NCT05119296,[18-65]
NCT05119296,[65 and more]
NCT05126147,[18-65]
NCT05126147,[65 and more]
NCT05126706,[18-65]
NCT05126706,[65 and more]
NCT05130476,[18-65]
NCT05130476,[65 and more]
NCT05142904,[18-65]
NCT05142904,[65 and more]
NCT05149898,[0-17]
NCT05176639,[18-65]
NCT05176639,[65 and more]
NCT05177939,[0-17]
NCT05177939,[18-65]
NCT05177939,[65 and more]
NCT05180214,[18-65]
NCT05186883,[18-65]
NCT05186883,[65 and more]
NCT05189314,[18-65]
NCT05189314,[65 and more]
NCT05189808,[18-65]
NCT05189808,[65 and more]
NCT05189821,[18-65]
NCT05189821,[65 and more]
NCT05199103,[18-65]
NCT05199103,[65 and more]
NCT05214274,[18-65]
NCT05214274,[65 and more]
NCT05216718,[18-65]
NCT05216718,[65 and more]
NCT05221008,[18-65]
NCT05221008,[65 and more]
NCT05225883,[0-17]
NCT05225883,[18-65]
NCT05225883,[65 and more]
NCT05229341,[18-65]
NCT05229341,[65 and more]
NCT05239221,[18-65]
NCT05239221,[65 and more]
NCT05241626,[0-17]
NCT05241626,[18-65]
NCT05241626,[65 and more]
NCT05242055,[18-65]
NCT05242055,[65 and more]
NCT05264857,[18-65]
NCT05264857,[65 and more]
NCT05276063,[18-65]
NCT05276063,[65 and more]
NCT05276856,[18-65]
NCT05276856,[65 and more]
NCT05280379,[18-65]
NCT05280379,[65 and more]
NCT05280600,[0-17]
NCT05280600,[18-65]
NCT05286801,[0-17]
NCT05286801,[18-65]
NCT05286801,[65 and more]
NCT05290493,[0-17]
NCT05299437,[18-65]
NCT05299437,[65 and more]
NCT05299632,[18-65]
NCT05299632,[65 and more]
NCT05316922,[0-17]
NCT05316922,[18-65]
NCT05316922,[65 and more]
NCT05329935,[0-17]
NCT05329935,[18-65]
NCT05345119,[18-65]
NCT05345119,[65 and more]
NCT05347082,[0-17]
NCT05347082,[18-65]
NCT05347082,[65 and more]
NCT05377736,[18-65]
NCT05377736,[65 and more]
NCT05382988,[0-17]
NCT05382988,[18-65]
NCT05382988,[65 and more]
NCT05394857,[18-65]
NCT05394857,[65 and more]
NCT05399251,[18-65]
NCT05399251,[65 and more]
NCT05407506,[18-65]
NCT05407506,[65 and more]
NCT02378233,[18-65]
NCT02742597,[18-65]
NCT02742597,[65 and more]
NCT02789800,[18-65]
NCT02789800,[65 and more]
NCT02966405,[18-65]
NCT03149354,[18-65]
NCT03149354,[65 and more]
NCT03922087,[18-65]
NCT03932487,[18-65]
NCT04019509,[18-65]
NCT04208503,[0-17]
NCT04323007,[18-65]
NCT04323007,[65 and more]
NCT04388956,[0-17]
NCT04388956,[18-65]
NCT04388956,[65 and more]
NCT04571736,[18-65]
NCT04571736,[65 and more]
NCT04585126,[18-65]
NCT04585126,[65 and more]
NCT04615988,[18-65]
NCT04615988,[65 and more]
NCT04658524,[18-65]
NCT04658524,[65 and more]
NCT04684953,[0-17]
NCT04684953,[18-65]
NCT04708704,[18-65]
NCT04708704,[65 and more]
NCT04845867,[18-65]
NCT04845867,[65 and more]
NCT04936698,[18-65]
NCT04991493,[18-65]
NCT04991493,[65 and more]
NCT05103774,[0-17]
NCT05126108,[18-65]
NCT05126108,[65 and more]
NCT05151120,[18-65]
NCT05151120,[65 and more]
NCT05251194,[18-65]
NCT05251194,[65 and more]
NCT05323539,[18-65]
NCT05396703,[0-17]
NCT05396703,[18-65]
NCT05396703,[65 and more]
NCT05403216,[18-65]
NCT05403216,[65 and more]
NCT00001160,[0-17]
NCT00001160,[18-65]
NCT00001160,[65 and more]
NCT00001242,[0-17]
NCT00001242,[18-65]
NCT00001242,[65 and more]
NCT00001304,[0-17]
NCT00001304,[18-65]
NCT00001304,[65 and more]
NCT00001394,[0-17]
NCT00001394,[18-65]
NCT00001394,[65 and more]
NCT00001730,[0-17]
NCT00001730,[18-65]
NCT00001730,[65 and more]
NCT00004361,[18-65]
NCT00004361,[65 and more]
NCT00004661,[0-17]
NCT00004661,[18-65]
NCT00004661,[65 and more]
NCT00004843,[18-65]
NCT00004843,[65 and more]
NCT00005184,[0-17]
NCT00005184,[18-65]
NCT00005184,[65 and more]
NCT00006329,[0-17]
NCT00006329,[18-65]
NCT00006329,[65 and more]
NCT00037518,[18-65]
NCT00037518,[65 and more]
NCT00080574,[0-17]
NCT00080574,[18-65]
NCT00080574,[65 and more]
NCT00094055,[18-65]
NCT00094055,[65 and more]
NCT00094237,[18-65]
NCT00094237,[65 and more]
NCT00098345,[18-65]
NCT00111735,[18-65]
NCT00111735,[65 and more]
NCT00115739,[18-65]
NCT00115739,[65 and more]
NCT00115895,[18-65]
NCT00115895,[65 and more]
NCT00121628,[18-65]
NCT00121628,[65 and more]
NCT00123760,[0-17]
NCT00123760,[18-65]
NCT00123760,[65 and more]
NCT00124527,[18-65]
NCT00124527,[65 and more]
NCT00126568,[18-65]
NCT00126568,[65 and more]
NCT00144079,[18-65]
NCT00144079,[65 and more]
NCT00148213,[0-17]
NCT00148213,[18-65]
NCT00148213,[65 and more]
NCT00151723,[18-65]
NCT00151723,[65 and more]
NCT00169806,[18-65]
NCT00169806,[65 and more]
NCT00176748,[18-65]
NCT00176748,[65 and more]
NCT00181168,[18-65]
NCT00181168,[65 and more]
NCT00196729,[18-65]
NCT00196729,[65 and more]
NCT00205348,[18-65]
NCT00205348,[65 and more]
NCT00206375,[0-17]
NCT00215605,[18-65]
NCT00215605,[65 and more]
NCT00223158,[18-65]
NCT00223158,[65 and more]
NCT00230802,[0-17]
NCT00230802,[18-65]
NCT00230802,[65 and more]
NCT00251316,[0-17]
NCT00251316,[18-65]
NCT00251316,[65 and more]
NCT00271427,[0-17]
NCT00271427,[18-65]
NCT00271427,[65 and more]
NCT00275171,[18-65]
NCT00275171,[65 and more]
NCT00277589,[18-65]
NCT00277589,[65 and more]
NCT00279721,[18-65]
NCT00279721,[65 and more]
NCT00280852,[0-17]
NCT00280852,[18-65]
NCT00280852,[65 and more]
NCT00295763,[18-65]
NCT00295763,[65 and more]
NCT00336102,[18-65]
NCT00336102,[65 and more]
NCT00339716,[18-65]
NCT00341094,[18-65]
NCT00341185,[18-65]
NCT00341185,[65 and more]
NCT00342407,[18-65]
NCT00342407,[65 and more]
NCT00342446,[18-65]
NCT00342446,[65 and more]
NCT00354523,[0-17]
NCT00354523,[18-65]
NCT00354523,[65 and more]
NCT00356512,[18-65]
NCT00356512,[65 and more]
NCT00358956,[18-65]
NCT00358956,[65 and more]
NCT00359385,[18-65]
NCT00359385,[65 and more]
NCT00373711,[18-65]
NCT00373711,[65 and more]
NCT00374595,[18-65]
NCT00374595,[65 and more]
NCT00377312,[18-65]
NCT00379899,[18-65]
NCT00379899,[65 and more]
NCT00389441,[18-65]
NCT00389441,[65 and more]
NCT00395538,[18-65]
NCT00395538,[65 and more]
NCT00395902,[18-65]
NCT00395902,[65 and more]
NCT00403390,[0-17]
NCT00403390,[18-65]
NCT00403598,[18-65]
NCT00403598,[65 and more]
NCT00405405,[18-65]
NCT00405405,[65 and more]
NCT00410761,[18-65]
NCT00410761,[65 and more]
NCT00417612,[0-17]
NCT00417612,[18-65]
NCT00417612,[65 and more]
NCT00435851,[18-65]
NCT00435851,[65 and more]
NCT00439478,[0-17]
NCT00439478,[18-65]
NCT00439478,[65 and more]
NCT00451880,[18-65]
NCT00451880,[65 and more]
NCT00452049,[18-65]
NCT00452049,[65 and more]
NCT00454077,[18-65]
NCT00454077,[65 and more]
NCT00454220,[18-65]
NCT00454220,[65 and more]
NCT00459459,[0-17]
NCT00459459,[18-65]
NCT00459459,[65 and more]
NCT00467506,[18-65]
NCT00467506,[65 and more]
NCT00471458,[0-17]
NCT00471458,[18-65]
NCT00471458,[65 and more]
NCT00473265,[18-65]
NCT00473265,[65 and more]
NCT00488644,[18-65]
NCT00488644,[65 and more]
NCT00493103,[0-17]
NCT00493103,[18-65]
NCT00493103,[65 and more]
NCT00497484,[0-17]
NCT00497484,[18-65]
NCT00497575,[0-17]
NCT00501215,[18-65]
NCT00501215,[65 and more]
NCT00505479,[18-65]
NCT00507429,[18-65]
NCT00507429,[65 and more]
NCT00510640,[18-65]
NCT00510640,[65 and more]
NCT00513032,[18-65]
NCT00513032,[65 and more]
NCT00514046,[0-17]
NCT00514046,[18-65]
NCT00524238,[18-65]
NCT00524238,[65 and more]
NCT00525122,[18-65]
NCT00525122,[65 and more]
NCT00527267,[18-65]
NCT00527267,[65 and more]
NCT00537095,[18-65]
NCT00537095,[65 and more]
NCT00538720,[18-65]
NCT00538720,[65 and more]
NCT00551486,[18-65]
NCT00551486,[65 and more]
NCT00552487,[18-65]
NCT00552487,[65 and more]
NCT00565864,[18-65]
NCT00565864,[65 and more]
NCT00566488,[0-17]
NCT00566488,[18-65]
NCT00568438,[18-65]
NCT00568438,[65 and more]
NCT00569920,[18-65]
NCT00569920,[65 and more]
NCT00573573,[0-17]
NCT00573573,[18-65]
NCT00573573,[65 and more]
NCT00580788,[18-65]
NCT00581828,[0-17]
NCT00581828,[18-65]
NCT00581828,[65 and more]
NCT00582712,[18-65]
NCT00582712,[65 and more]
NCT00591032,[0-17]
NCT00591032,[18-65]
NCT00591032,[65 and more]
NCT00598364,[0-17]
NCT00598364,[18-65]
NCT00598364,[65 and more]
NCT00603941,[18-65]
NCT00603941,[65 and more]
NCT00604318,[18-65]
NCT00604318,[65 and more]
NCT00615537,[0-17]
NCT00615537,[18-65]
NCT00615537,[65 and more]
NCT00625846,[18-65]
NCT00625846,[65 and more]
NCT00647140,[18-65]
NCT00647140,[65 and more]
NCT00668811,[18-65]
NCT00668811,[65 and more]
NCT00673010,[18-65]
NCT00673010,[65 and more]
NCT00687778,[18-65]
NCT00687778,[65 and more]
NCT00691990,[18-65]
NCT00691990,[65 and more]
NCT00692835,[18-65]
NCT00692835,[65 and more]
NCT00693147,[18-65]
NCT00693147,[65 and more]
NCT00704730,[18-65]
NCT00704730,[65 and more]
NCT00715572,[18-65]
NCT00718770,[18-65]
NCT00718770,[65 and more]
NCT00719615,[18-65]
NCT00719615,[65 and more]
NCT00730210,[18-65]
NCT00730210,[65 and more]
NCT00732615,[18-65]
NCT00732615,[65 and more]
NCT00743782,[0-17]
NCT00743782,[18-65]
NCT00743782,[65 and more]
NCT00744302,[0-17]
NCT00744302,[18-65]
NCT00744302,[65 and more]
NCT00747760,[0-17]
NCT00747760,[18-65]
NCT00747760,[65 and more]
NCT00749697,[18-65]
NCT00749697,[65 and more]
NCT00754182,[0-17]
NCT00754182,[18-65]
NCT00754182,[65 and more]
NCT00770016,[18-65]
NCT00770016,[65 and more]
NCT00784303,[18-65]
NCT00784303,[65 and more]
NCT00786552,[18-65]
NCT00786552,[65 and more]
NCT00793689,[18-65]
NCT00793689,[65 and more]
NCT00794053,[0-17]
NCT00794053,[18-65]
NCT00794053,[65 and more]
NCT00795782,[18-65]
NCT00795782,[65 and more]
NCT00800358,[18-65]
NCT00800358,[65 and more]
NCT00818896,[0-17]
NCT00818896,[18-65]
NCT00824226,[18-65]
NCT00824226,[65 and more]
NCT00856401,[18-65]
NCT00856401,[65 and more]
NCT00880503,[18-65]
NCT00880503,[65 and more]
NCT00887666,[18-65]
NCT00887666,[65 and more]
NCT00896454,[18-65]
NCT00896454,[65 and more]
NCT00905866,[18-65]
NCT00905866,[65 and more]
NCT00923247,[18-65]
NCT00923247,[65 and more]
NCT00926978,[18-65]
NCT00926978,[65 and more]
NCT00929318,[18-65]
NCT00929318,[65 and more]
NCT00936858,[18-65]
NCT00936858,[65 and more]
NCT00941551,[18-65]
NCT00941551,[65 and more]
NCT00946894,[18-65]
NCT00946894,[65 and more]
NCT00948337,[18-65]
NCT00948337,[65 and more]
NCT00954837,[18-65]
NCT00954837,[65 and more]
NCT00970359,[18-65]
NCT00970359,[65 and more]
NCT00975000,[18-65]
NCT00975000,[65 and more]
NCT00984191,[18-65]
NCT00984191,[65 and more]
NCT00984282,[18-65]
NCT00984282,[65 and more]
NCT00993837,[18-65]
NCT01003652,[18-65]
NCT01003652,[65 and more]
NCT01005654,[0-17]
NCT01005654,[18-65]
NCT01005654,[65 and more]
NCT01013597,[18-65]
NCT01013597,[65 and more]
NCT01025453,[18-65]
NCT01025453,[65 and more]
NCT01039714,[18-65]
NCT01039714,[65 and more]
NCT01042626,[18-65]
NCT01042626,[65 and more]
NCT01043107,[0-17]
NCT01043107,[18-65]
NCT01050465,[18-65]
NCT01050465,[65 and more]
NCT01074684,[18-65]
NCT01074684,[65 and more]
NCT01095341,[18-65]
NCT01095341,[65 and more]
NCT01100619,[18-65]
NCT01100619,[65 and more]
NCT01102205,[18-65]
NCT01102205,[65 and more]
NCT01105923,[18-65]
NCT01105923,[65 and more]
NCT01126060,[18-65]
NCT01126060,[65 and more]
NCT01129492,[18-65]
NCT01141309,[18-65]
NCT01141309,[65 and more]
NCT01143987,[18-65]
NCT01143987,[65 and more]
NCT01145040,[0-17]
NCT01145040,[18-65]
NCT01145040,[65 and more]
NCT01150318,[18-65]
NCT01153945,[18-65]
NCT01153945,[65 and more]
NCT01163669,[18-65]
NCT01163669,[65 and more]
NCT01173289,[18-65]
NCT01173289,[65 and more]
NCT01191762,[18-65]
NCT01191762,[65 and more]
NCT01197183,[18-65]
NCT01199614,[18-65]
NCT01199614,[65 and more]
NCT01204359,[0-17]
NCT01204359,[18-65]
NCT01204359,[65 and more]
NCT01221896,[18-65]
NCT01221896,[65 and more]
NCT01223638,[0-17]
NCT01223638,[18-65]
NCT01226810,[18-65]
NCT01226810,[65 and more]
NCT01236547,[18-65]
NCT01236547,[65 and more]
NCT01240590,[18-65]
NCT01240590,[65 and more]
NCT01263951,[18-65]
NCT01263951,[65 and more]
NCT01265381,[18-65]
NCT01265381,[65 and more]
NCT01268098,[18-65]
NCT01268098,[65 and more]
NCT01270321,[18-65]
NCT01270321,[65 and more]
NCT01273714,[18-65]
NCT01273714,[65 and more]
NCT01277510,[0-17]
NCT01280292,[18-65]
NCT01280292,[65 and more]
NCT01292044,[18-65]
NCT01292044,[65 and more]
NCT01297309,[18-65]
NCT01297309,[65 and more]
NCT01298323,[18-65]
NCT01298323,[65 and more]
NCT01311089,[18-65]
NCT01311089,[65 and more]
NCT01321554,[18-65]
NCT01321554,[65 and more]
NCT01325857,[18-65]
NCT01325857,[65 and more]
NCT01333267,[18-65]
NCT01338597,[18-65]
NCT01349634,[0-17]
NCT01349634,[18-65]
NCT01354639,[18-65]
NCT01354639,[65 and more]
NCT01358136,[18-65]
NCT01358136,[65 and more]
NCT01373736,[0-17]
NCT01373736,[18-65]
NCT01373736,[65 and more]
NCT01374659,[0-17]
NCT01374659,[18-65]
NCT01374659,[65 and more]
NCT01376648,[18-65]
NCT01376648,[65 and more]
NCT01379170,[18-65]
NCT01379170,[65 and more]
NCT01392222,[18-65]
NCT01392222,[65 and more]
NCT01398085,[0-17]
NCT01398085,[18-65]
NCT01398085,[65 and more]
NCT01403324,[18-65]
NCT01403324,[65 and more]
NCT01412762,[18-65]
NCT01412762,[65 and more]
NCT01417442,[0-17]
NCT01417442,[18-65]
NCT01417442,[65 and more]
NCT01424878,[0-17]
NCT01424878,[18-65]
NCT01424878,[65 and more]
NCT01433809,[18-65]
NCT01433809,[65 and more]
NCT01437254,[18-65]
NCT01437254,[65 and more]
NCT01438554,[18-65]
NCT01438554,[65 and more]
NCT01455181,[18-65]
NCT01455181,[65 and more]
NCT01481402,[18-65]
NCT01481402,[65 and more]
NCT01487057,[18-65]
NCT01487057,[65 and more]
NCT01488721,[0-17]
NCT01496313,[18-65]
NCT01496313,[65 and more]
NCT01498341,[0-17]
NCT01498341,[18-65]
NCT01498341,[65 and more]
NCT01501110,[18-65]
NCT01501110,[65 and more]
NCT01502410,[0-17]
NCT01502410,[18-65]
NCT01510002,[18-65]
NCT01510002,[65 and more]
NCT01511393,[18-65]
NCT01511393,[65 and more]
NCT01512212,[0-17]
NCT01512212,[18-65]
NCT01512212,[65 and more]
NCT01534897,[18-65]
NCT01534897,[65 and more]
NCT01536678,[18-65]
NCT01539655,[18-65]
NCT01551498,[18-65]
NCT01551498,[65 and more]
NCT01552434,[0-17]
NCT01552434,[18-65]
NCT01552434,[65 and more]
NCT01565486,[18-65]
NCT01565486,[65 and more]
NCT01573520,[18-65]
NCT01573520,[65 and more]
NCT01586520,[18-65]
NCT01586520,[65 and more]
NCT01588288,[18-65]
NCT01588288,[65 and more]
NCT01616316,[18-65]
NCT01616316,[65 and more]
NCT01625520,[18-65]
NCT01625520,[65 and more]
NCT01631305,[0-17]
NCT01640184,[18-65]
NCT01640184,[65 and more]
NCT01641679,[18-65]
NCT01641679,[65 and more]
NCT01647750,[65 and more]
NCT01656070,[0-17]
NCT01656070,[18-65]
NCT01658085,[18-65]
NCT01658085,[65 and more]
NCT01659385,[18-65]
NCT01659385,[65 and more]
NCT01660984,[0-17]
NCT01660984,[18-65]
NCT01660984,[65 and more]
NCT01668238,[18-65]
NCT01668238,[65 and more]
NCT01691781,[18-65]
NCT01691781,[65 and more]
NCT01700699,[0-17]
NCT01700699,[18-65]
NCT01700699,[65 and more]
NCT01701349,[18-65]
NCT01701349,[65 and more]
NCT01707056,[18-65]
NCT01709292,[18-65]
NCT01709292,[65 and more]
NCT01709435,[0-17]
NCT01709435,[18-65]
NCT01723202,[18-65]
NCT01723202,[65 and more]
NCT01728623,[18-65]
NCT01728623,[65 and more]
NCT01730638,[18-65]
NCT01730638,[65 and more]
NCT01736163,[18-65]
NCT01736163,[65 and more]
NCT01736878,[18-65]
NCT01736878,[65 and more]
NCT01739634,[0-17]
NCT01739634,[18-65]
NCT01739634,[65 and more]
NCT01744743,[18-65]
NCT01747512,[18-65]
NCT01747512,[65 and more]
NCT01757470,[18-65]
NCT01757470,[65 and more]
NCT01761149,[18-65]
NCT01769157,[18-65]
NCT01769157,[65 and more]
NCT01771523,[0-17]
NCT01771523,[18-65]
NCT01771523,[65 and more]
NCT01774279,[18-65]
NCT01774279,[65 and more]
NCT01776385,[18-65]
NCT01776385,[65 and more]
NCT01780584,[0-17]
NCT01780584,[18-65]
NCT01781767,[18-65]
NCT01781767,[65 and more]
NCT01792492,[0-17]
NCT01792492,[18-65]
NCT01792492,[65 and more]
NCT01800617,[18-65]
NCT01800617,[65 and more]
NCT01801033,[18-65]
NCT01801033,[65 and more]
NCT01811199,[18-65]
NCT01811199,[65 and more]
NCT01812395,[18-65]
NCT01812395,[65 and more]
NCT01813136,[18-65]
NCT01813136,[65 and more]
NCT01815021,[18-65]
NCT01815021,[65 and more]
NCT01831869,[18-65]
NCT01833650,[0-17]
NCT01833650,[18-65]
NCT01833650,[65 and more]
NCT01838642,[18-65]
NCT01838642,[65 and more]
NCT01840332,[18-65]
NCT01840332,[65 and more]
NCT01843062,[18-65]
NCT01848171,[18-65]
NCT01848171,[65 and more]
NCT01862510,[18-65]
NCT01862510,[65 and more]
NCT01865838,[18-65]
NCT01865838,[65 and more]
NCT01872429,[18-65]
NCT01872429,[65 and more]
NCT01876784,[18-65]
NCT01876784,[65 and more]
NCT01882816,[18-65]
NCT01882816,[65 and more]
NCT01896479,[18-65]
NCT01896479,[65 and more]
NCT01907997,[18-65]
NCT01907997,[65 and more]
NCT01915485,[18-65]
NCT01915485,[65 and more]
NCT01916018,[0-17]
NCT01916018,[18-65]
NCT01916018,[65 and more]
NCT01916304,[18-65]
NCT01916304,[65 and more]
NCT01921452,[0-17]
NCT01921452,[18-65]
NCT01921452,[65 and more]
NCT01922440,[0-17]
NCT01922440,[18-65]
NCT01922440,[65 and more]
NCT01935856,[18-65]
NCT01935856,[65 and more]
NCT01945229,[0-17]
NCT01945229,[18-65]
NCT01945229,[65 and more]
NCT01947023,[18-65]
NCT01947023,[65 and more]
NCT01954134,[0-17]
NCT01954134,[18-65]
NCT01954134,[65 and more]
NCT01964144,[18-65]
NCT01964144,[65 and more]
NCT01964508,[18-65]
NCT01964508,[65 and more]
NCT01974284,[18-65]
NCT01974284,[65 and more]
NCT01994200,[18-65]
NCT01994200,[65 and more]
NCT01997554,[18-65]
NCT01997554,[65 and more]
NCT02005250,[18-65]
NCT02005250,[65 and more]
NCT02012231,[18-65]
NCT02012231,[65 and more]
NCT02012686,[18-65]
NCT02012699,[18-65]
NCT02012699,[65 and more]
NCT02013479,[18-65]
NCT02013479,[65 and more]
NCT02018276,[18-65]
NCT02018276,[65 and more]
NCT02062632,[18-65]
NCT02062632,[65 and more]
NCT02084732,[18-65]
NCT02084732,[65 and more]
NCT02088645,[18-65]
NCT02088645,[65 and more]
NCT02094079,[18-65]
NCT02114658,[18-65]
NCT02114658,[65 and more]
NCT02133040,[18-65]
NCT02133040,[65 and more]
NCT02145143,[18-65]
NCT02145143,[65 and more]
NCT02152137,[18-65]
NCT02152137,[65 and more]
NCT02152228,[18-65]
NCT02152228,[65 and more]
NCT02156362,[18-65]
NCT02156362,[65 and more]
NCT02178345,[18-65]
NCT02178345,[65 and more]
NCT02185560,[0-17]
NCT02185560,[18-65]
NCT02185560,[65 and more]
NCT02208544,[18-65]
NCT02208544,[65 and more]
NCT02223052,[18-65]
NCT02223052,[65 and more]
NCT02225509,[18-65]
NCT02225509,[65 and more]
NCT02240563,[18-65]
NCT02244463,[18-65]
NCT02244463,[65 and more]
NCT02278198,[18-65]
NCT02278198,[65 and more]
NCT02280330,[0-17]
NCT02301520,[0-17]
NCT02302768,[18-65]
NCT02302768,[65 and more]
NCT02303444,[18-65]
NCT02303444,[65 and more]
NCT02304757,[18-65]
NCT02304757,[65 and more]
NCT02307175,[18-65]
NCT02307175,[65 and more]
NCT02317926,[18-65]
NCT02317926,[65 and more]
NCT02318160,[0-17]
NCT02318160,[18-65]
NCT02323724,[0-17]
NCT02323724,[18-65]
NCT02323724,[65 and more]
NCT02329379,[18-65]
NCT02329379,[65 and more]
NCT02347683,[18-65]
NCT02347683,[65 and more]
NCT02363647,[18-65]
NCT02363647,[65 and more]
NCT02364102,[18-65]
NCT02364102,[65 and more]
NCT02374593,[0-17]
NCT02375451,[0-17]
NCT02375451,[18-65]
NCT02383927,[18-65]
NCT02383927,[65 and more]
NCT02390739,[18-65]
NCT02390739,[65 and more]
NCT02390934,[18-65]
NCT02390934,[65 and more]
NCT02404441,[18-65]
NCT02404441,[65 and more]
NCT02411461,[0-17]
NCT02411461,[18-65]
NCT02412150,[18-65]
NCT02418247,[18-65]
NCT02418247,[65 and more]
NCT02418390,[18-65]
NCT02418390,[65 and more]
NCT02430714,[0-17]
NCT02430714,[18-65]
NCT02430714,[65 and more]
NCT02442661,[18-65]
NCT02442661,[65 and more]
NCT02456701,[18-65]
NCT02456701,[65 and more]
NCT02465060,[18-65]
NCT02465060,[65 and more]
NCT02465424,[0-17]
NCT02465424,[18-65]
NCT02465424,[65 and more]
NCT02467244,[18-65]
NCT02467244,[65 and more]
NCT02468921,[18-65]
NCT02468921,[65 and more]
NCT02472080,[18-65]
NCT02472080,[65 and more]
NCT02499471,[18-65]
NCT02499471,[65 and more]
NCT02512978,[18-65]
NCT02512978,[65 and more]
NCT02514187,[18-65]
NCT02514187,[65 and more]
NCT02515084,[18-65]
NCT02515084,[65 and more]
NCT02524041,[18-65]
NCT02524041,[65 and more]
NCT02548715,[18-65]
NCT02548715,[65 and more]
NCT02561533,[18-65]
NCT02561533,[65 and more]
NCT02567877,[18-65]
NCT02567877,[65 and more]
NCT02568267,[18-65]
NCT02568267,[65 and more]
NCT02577367,[18-65]
NCT02577367,[65 and more]
NCT02586337,[18-65]
NCT02586337,[65 and more]
NCT02586350,[18-65]
NCT02586350,[65 and more]
NCT02591160,[18-65]
NCT02591160,[65 and more]
NCT02592356,[18-65]
NCT02592356,[65 and more]
NCT02602717,[18-65]
NCT02602717,[65 and more]
NCT02614495,[18-65]
NCT02614495,[65 and more]
NCT02628067,[18-65]
NCT02628067,[65 and more]
NCT02638077,[0-17]
NCT02638077,[18-65]
NCT02638077,[65 and more]
NCT02644707,[0-17]
NCT02644707,[18-65]
NCT02648399,[0-17]
NCT02648399,[18-65]
NCT02651818,[18-65]
NCT02651818,[65 and more]
NCT02657369,[18-65]
NCT02657369,[65 and more]
NCT02657551,[18-65]
NCT02657551,[65 and more]
NCT02658513,[18-65]
NCT02658513,[65 and more]
NCT02688608,[18-65]
NCT02688608,[65 and more]
NCT02689609,[18-65]
NCT02689609,[65 and more]
NCT02702388,[18-65]
NCT02702388,[65 and more]
NCT02706743,[18-65]
NCT02706743,[65 and more]
NCT02709889,[18-65]
NCT02709889,[65 and more]
NCT02711059,[18-65]
NCT02711059,[65 and more]
NCT02713269,[18-65]
NCT02713269,[65 and more]
NCT02726282,[18-65]
NCT02726282,[65 and more]
NCT02726503,[18-65]
NCT02726503,[65 and more]
NCT02731352,[18-65]
NCT02731352,[65 and more]
NCT02747888,[0-17]
NCT02747888,[18-65]
NCT02747888,[65 and more]
NCT02747979,[0-17]
NCT02747979,[18-65]
NCT02747979,[65 and more]
NCT02758158,[18-65]
NCT02758158,[65 and more]
NCT02766283,[0-17]
NCT02767245,[0-17]
NCT02767245,[18-65]
NCT02767245,[65 and more]
NCT02768753,[18-65]
NCT02768753,[65 and more]
NCT02773667,[18-65]
NCT02773667,[65 and more]
NCT02781844,[18-65]
NCT02781844,[65 and more]
NCT02812888,[18-65]
NCT02814032,[18-65]
NCT02814032,[65 and more]
NCT02826746,[18-65]
NCT02826746,[65 and more]
NCT02834013,[18-65]
NCT02834013,[65 and more]
NCT02838927,[0-17]
NCT02838927,[18-65]
NCT02838927,[65 and more]
NCT02856347,[18-65]
NCT02856347,[65 and more]
NCT02867592,[0-17]
NCT02867592,[18-65]
NCT02869620,[18-65]
NCT02869620,[65 and more]
NCT02870569,[18-65]
NCT02870569,[65 and more]
NCT02878044,[18-65]
NCT02878044,[65 and more]
NCT02886949,[18-65]
NCT02886949,[65 and more]
NCT02891668,[18-65]
NCT02891668,[65 and more]
NCT02901873,[18-65]
NCT02901873,[65 and more]
NCT02910466,[18-65]
NCT02910466,[65 and more]
NCT02911155,[18-65]
NCT02911155,[65 and more]
NCT02917863,[0-17]
NCT02917863,[18-65]
NCT02924532,[18-65]
NCT02924532,[65 and more]
NCT02938702,[18-65]
NCT02938702,[65 and more]
NCT02947035,[18-65]
NCT02947035,[65 and more]
NCT02947399,[18-65]
NCT02947399,[65 and more]
NCT02952612,[18-65]
NCT02952612,[65 and more]
NCT02959827,[0-17]
NCT02986607,[18-65]
NCT02988817,[18-65]
NCT02988817,[65 and more]
NCT02993562,[18-65]
NCT02993562,[65 and more]
NCT03006289,[0-17]
NCT03006289,[18-65]
NCT03006289,[65 and more]
NCT03024151,[18-65]
NCT03024151,[65 and more]
NCT03027349,[18-65]
NCT03027349,[65 and more]
NCT03029429,[0-17]
NCT03029429,[18-65]
NCT03029429,[65 and more]
NCT03031639,[0-17]
NCT03031639,[18-65]
NCT03031639,[65 and more]
NCT03034707,[18-65]
NCT03034707,[65 and more]
NCT03037385,[18-65]
NCT03037385,[65 and more]
NCT03044600,[18-65]
NCT03044600,[65 and more]
NCT03048708,[18-65]
NCT03048708,[65 and more]
NCT03048877,[18-65]
NCT03048877,[65 and more]
NCT03053115,[18-65]
NCT03053115,[65 and more]
NCT03053999,[0-17]
NCT03053999,[18-65]
NCT03053999,[65 and more]
NCT03064542,[18-65]
NCT03065218,[18-65]
NCT03065218,[65 and more]
NCT03072654,[18-65]
NCT03072654,[65 and more]
NCT03085056,[18-65]
NCT03085056,[65 and more]
NCT03085615,[18-65]
NCT03085615,[65 and more]
NCT03095963,[18-65]
NCT03095963,[65 and more]
NCT03099356,[18-65]
NCT03099356,[65 and more]
NCT03103776,[18-65]
NCT03103776,[65 and more]
NCT03127098,[18-65]
NCT03127098,[65 and more]
NCT03139747,[18-65]
NCT03139747,[65 and more]
NCT03150108,[18-65]
NCT03150108,[65 and more]
NCT03157128,[0-17]
NCT03157128,[18-65]
NCT03157128,[65 and more]
NCT03160274,[0-17]
NCT03160274,[18-65]
NCT03160274,[65 and more]
NCT03170804,[0-17]
NCT03170804,[18-65]
NCT03170804,[65 and more]
NCT03170960,[18-65]
NCT03170960,[65 and more]
NCT03176485,[18-65]
NCT03176485,[65 and more]
NCT03180892,[18-65]
NCT03180892,[65 and more]
NCT03181100,[18-65]
NCT03181100,[65 and more]
NCT03191643,[18-65]
NCT03191643,[65 and more]
NCT03196518,[18-65]
NCT03196518,[65 and more]
NCT03202160,[0-17]
NCT03202160,[18-65]
NCT03203668,[18-65]
NCT03203668,[65 and more]
NCT03215095,[18-65]
NCT03215095,[65 and more]
NCT03246659,[18-65]
NCT03246659,[65 and more]
NCT03246958,[18-65]
NCT03246958,[65 and more]
NCT03257566,[0-17]
NCT03285230,[18-65]
NCT03285230,[65 and more]
NCT03289403,[18-65]
NCT03294005,[18-65]
NCT03294005,[65 and more]
NCT03300765,[18-65]
NCT03300765,[65 and more]
NCT03324880,[18-65]
NCT03324880,[65 and more]
NCT03342001,[18-65]
NCT03342001,[65 and more]
NCT03359668,[0-17]
NCT03359668,[18-65]
NCT03359668,[65 and more]
NCT03360890,[18-65]
NCT03360890,[65 and more]
NCT03364738,[18-65]
NCT03364738,[65 and more]
NCT03375931,[18-65]
NCT03375931,[65 and more]
NCT03377829,[18-65]
NCT03377829,[65 and more]
NCT03379181,[18-65]
NCT03379181,[65 and more]
NCT03392402,[18-65]
NCT03392402,[65 and more]
NCT03393728,[18-65]
NCT03393728,[65 and more]
NCT03397238,[18-65]
NCT03397238,[65 and more]
NCT03411187,[18-65]
NCT03411187,[65 and more]
NCT03416686,[18-65]
NCT03416686,[65 and more]
NCT03432299,[18-65]
NCT03437174,[18-65]
NCT03437174,[65 and more]
NCT03444246,[18-65]
NCT03444246,[65 and more]
NCT03449108,[0-17]
NCT03449108,[18-65]
NCT03449108,[65 and more]
NCT03454464,[18-65]
NCT03454464,[65 and more]
NCT03454477,[18-65]
NCT03454477,[65 and more]
NCT03463889,[18-65]
NCT03463889,[65 and more]
NCT03465176,[18-65]
NCT03469011,[18-65]
NCT03469011,[65 and more]
NCT03469544,[18-65]
NCT03469544,[65 and more]
NCT03470259,[18-65]
NCT03470259,[65 and more]
NCT03475953,[18-65]
NCT03475953,[65 and more]
NCT03479801,[0-17]
NCT03479801,[18-65]
NCT03483337,[18-65]
NCT03483337,[65 and more]
NCT03484884,[18-65]
NCT03484884,[65 and more]
NCT03488134,[18-65]
NCT03488134,[65 and more]
NCT03496363,[0-17]
NCT03500666,[18-65]
NCT03500666,[65 and more]
NCT03506048,[18-65]
NCT03506048,[65 and more]
NCT03510143,[18-65]
NCT03510143,[65 and more]
NCT03514251,[18-65]
NCT03514251,[65 and more]
NCT03516773,[18-65]
NCT03516773,[65 and more]
NCT03530033,[18-65]
NCT03530033,[65 and more]
NCT03547648,[18-65]
NCT03555487,[18-65]
NCT03555487,[65 and more]
NCT03565536,[18-65]
NCT03565536,[65 and more]
NCT03570021,[18-65]
NCT03570021,[65 and more]
NCT03573960,[18-65]
NCT03573960,[65 and more]
NCT03577951,[18-65]
NCT03577951,[65 and more]
NCT03602495,[18-65]
NCT03602495,[65 and more]
NCT03612908,[18-65]
NCT03615456,[18-65]
NCT03615456,[65 and more]
NCT03623516,[18-65]
NCT03623516,[65 and more]
NCT03624751,[18-65]
NCT03624751,[65 and more]
NCT03627611,[18-65]
NCT03627611,[65 and more]
NCT03630120,[18-65]
NCT03630120,[65 and more]
NCT03631771,[0-17]
NCT03636945,[18-65]
NCT03636945,[65 and more]
NCT03639662,[18-65]
NCT03639662,[65 and more]
NCT03640247,[18-65]
NCT03640247,[65 and more]
NCT03643055,[18-65]
NCT03643055,[65 and more]
NCT03647358,[18-65]
NCT03647358,[65 and more]
NCT03647657,[18-65]
NCT03657654,[18-65]
NCT03657654,[65 and more]
NCT03676348,[18-65]
NCT03676348,[65 and more]
NCT03680222,[18-65]
NCT03690388,[0-17]
NCT03690388,[18-65]
NCT03690388,[65 and more]
NCT03720210,[18-65]
NCT03720210,[65 and more]
NCT03728959,[18-65]
NCT03728959,[65 and more]
NCT03747029,[18-65]
NCT03747029,[65 and more]
NCT03754621,[18-65]
NCT03754621,[65 and more]
NCT03757637,[0-17]
NCT03757637,[18-65]
NCT03757637,[65 and more]
NCT03765333,[18-65]
NCT03765333,[65 and more]
NCT03779906,[0-17]
NCT03787121,[18-65]
NCT03787121,[65 and more]
NCT03794375,[0-17]
NCT03794375,[18-65]
NCT03794375,[65 and more]
NCT03823859,[18-65]
NCT03823859,[65 and more]
NCT03826680,[18-65]
NCT03826680,[65 and more]
NCT03838692,[18-65]
NCT03838692,[65 and more]
NCT03841617,[18-65]
NCT03841617,[65 and more]
NCT03871387,[18-65]
NCT03871387,[65 and more]
NCT03889769,[0-17]
NCT03889769,[18-65]
NCT03889769,[65 and more]
NCT03892993,[18-65]
NCT03892993,[65 and more]
NCT03899792,[0-17]
NCT03899792,[18-65]
NCT03905369,[18-65]
NCT03905369,[65 and more]
NCT03914300,[18-65]
NCT03914300,[65 and more]
NCT03926585,[18-65]
NCT03926585,[65 and more]
NCT03942380,[18-65]
NCT03942380,[65 and more]
NCT03951532,[0-17]
NCT03968510,[0-17]
NCT03968510,[18-65]
NCT03968510,[65 and more]
NCT03973450,[0-17]
NCT03973450,[18-65]
NCT03973450,[65 and more]
NCT03975231,[18-65]
NCT03975231,[65 and more]
NCT03977207,[18-65]
NCT03977207,[65 and more]
NCT03978351,[0-17]
NCT03978351,[18-65]
NCT03978351,[65 and more]
NCT03986437,[18-65]
NCT03986437,[65 and more]
NCT03988517,[18-65]
NCT03988517,[65 and more]
NCT04000880,[18-65]
NCT04000880,[65 and more]
NCT04009291,[18-65]
NCT04009291,[65 and more]
NCT04028479,[18-65]
NCT04028479,[65 and more]
NCT04031339,[0-17]
NCT04031339,[18-65]
NCT04031339,[65 and more]
NCT04040673,[18-65]
NCT04040673,[65 and more]
NCT04051099,[18-65]
NCT04051099,[65 and more]
NCT04053647,[18-65]
NCT04053647,[65 and more]
NCT04059380,[18-65]
NCT04059380,[65 and more]
NCT04061980,[18-65]
NCT04061980,[65 and more]
NCT04072731,[18-65]
NCT04076514,[0-17]
NCT04076514,[18-65]
NCT04076514,[65 and more]
NCT04098991,[18-65]
NCT04104529,[18-65]
NCT04104529,[65 and more]
NCT04124705,[18-65]
NCT04124705,[65 and more]
NCT04126941,[0-17]
NCT04126941,[18-65]
NCT04128631,[0-17]
NCT04128631,[18-65]
NCT04128631,[65 and more]
NCT04129411,[18-65]
NCT04129411,[65 and more]
NCT04133870,[18-65]
NCT04133870,[65 and more]
NCT04136912,[18-65]
NCT04136912,[65 and more]
NCT04137185,[18-65]
NCT04137185,[65 and more]
NCT04139096,[18-65]
NCT04139096,[65 and more]
NCT04141306,[18-65]
NCT04141306,[65 and more]
NCT04160637,[18-65]
NCT04160637,[65 and more]
NCT04161391,[18-65]
NCT04161391,[65 and more]
NCT04197960,[18-65]
NCT04197960,[65 and more]
NCT04209179,[18-65]
NCT04209179,[65 and more]
NCT04211337,[0-17]
NCT04211337,[18-65]
NCT04211337,[65 and more]
NCT04224792,[18-65]
NCT04224792,[65 and more]
NCT04236232,[18-65]
NCT04238624,[18-65]
NCT04238624,[65 and more]
NCT04240821,[0-17]
NCT04240821,[18-65]
NCT04240821,[65 and more]
NCT04248166,[18-65]
NCT04248166,[65 and more]
NCT04252001,[0-17]
NCT04252001,[18-65]
NCT04274829,[0-17]
NCT04274829,[18-65]
NCT04274829,[65 and more]
NCT04280081,[18-65]
NCT04280081,[65 and more]
NCT04285476,[18-65]
NCT04285476,[65 and more]
NCT04290663,[18-65]
NCT04290663,[65 and more]
NCT04304573,[18-65]
NCT04304573,[65 and more]
NCT04309136,[0-17]
NCT04309136,[18-65]
NCT04309136,[65 and more]
NCT04312087,[0-17]
NCT04312087,[18-65]
NCT04312087,[65 and more]
NCT04316845,[18-65]
NCT04316845,[65 and more]
NCT04320901,[18-65]
NCT04320901,[65 and more]
NCT04321954,[18-65]
NCT04321954,[65 and more]
NCT04327999,[18-65]
NCT04327999,[65 and more]
NCT04332770,[18-65]
NCT04336696,[18-65]
NCT04339478,[18-65]
NCT04339478,[65 and more]
NCT04346901,[18-65]
NCT04354324,[0-17]
NCT04354324,[18-65]
NCT04354324,[65 and more]
NCT04372225,[0-17]
NCT04372225,[18-65]
NCT04372225,[65 and more]
NCT04391244,[18-65]
NCT04391244,[65 and more]
NCT04400474,[18-65]
NCT04400474,[65 and more]
NCT04420689,[18-65]
NCT04420689,[65 and more]
NCT04420754,[18-65]
NCT04420754,[65 and more]
NCT04425512,[18-65]
NCT04425512,[65 and more]
NCT04447183,[18-65]
NCT04447183,[65 and more]
NCT04459273,[18-65]
NCT04459273,[65 and more]
NCT04462471,[18-65]
NCT04462471,[65 and more]
NCT04472988,[18-65]
NCT04481893,[18-65]
NCT04481893,[65 and more]
NCT04485975,[18-65]
NCT04485975,[65 and more]
NCT04495985,[18-65]
NCT04495985,[65 and more]
NCT04500925,[18-65]
NCT04521348,[18-65]
NCT04521348,[65 and more]
NCT04522570,[18-65]
NCT04522570,[65 and more]
NCT04524884,[18-65]
NCT04524884,[65 and more]
NCT04528225,[18-65]
NCT04528225,[65 and more]
NCT04544111,[18-65]
NCT04544111,[65 and more]
NCT04551170,[0-17]
NCT04552769,[18-65]
NCT04552769,[65 and more]
NCT04554680,[18-65]
NCT04554680,[65 and more]
NCT04560426,[18-65]
NCT04563780,[0-17]
NCT04563780,[18-65]
NCT04563780,[65 and more]
NCT04569513,[18-65]
NCT04569513,[65 and more]
NCT04574817,[18-65]
NCT04574817,[65 and more]
NCT04579757,[18-65]
NCT04579757,[65 and more]
NCT04589624,[18-65]
NCT04589624,[65 and more]
NCT04589884,[18-65]
NCT04589884,[65 and more]
NCT04594720,[18-65]
NCT04594720,[65 and more]
NCT04600349,[18-65]
NCT04612894,[0-17]
NCT04612894,[18-65]
NCT04612894,[65 and more]
NCT04613323,[18-65]
NCT04613323,[65 and more]
NCT04619316,[18-65]
NCT04619316,[65 and more]
NCT04623801,[18-65]
NCT04623801,[65 and more]
NCT04624477,[18-65]
NCT04624477,[65 and more]
NCT04644315,[18-65]
NCT04644315,[65 and more]
NCT04648722,[18-65]
NCT04648722,[65 and more]
NCT04664413,[18-65]
NCT04664413,[65 and more]
NCT04675710,[18-65]
NCT04675710,[65 and more]
NCT04693377,[18-65]
NCT04693377,[65 and more]
NCT04693936,[18-65]
NCT04701203,[18-65]
NCT04701203,[65 and more]
NCT04704349,[18-65]
NCT04704349,[65 and more]
NCT04706962,[18-65]
NCT04706962,[65 and more]
NCT04712760,[0-17]
NCT04712760,[18-65]
NCT04731467,[18-65]
NCT04731467,[65 and more]
NCT04734457,[0-17]
NCT04734457,[18-65]
NCT04734457,[65 and more]
NCT04739566,[18-65]
NCT04739566,[65 and more]
NCT04742608,[18-65]
NCT04742608,[65 and more]
NCT04742959,[18-65]
NCT04742959,[65 and more]
NCT04745793,[18-65]
NCT04745793,[65 and more]
NCT04747275,[0-17]
NCT04752202,[18-65]
NCT04752202,[65 and more]
NCT04754607,[18-65]
NCT04754607,[65 and more]
NCT04759911,[0-17]
NCT04759911,[18-65]
NCT04759911,[65 and more]
NCT04760171,[18-65]
NCT04760171,[65 and more]
NCT04760288,[0-17]
NCT04760288,[18-65]
NCT04760288,[65 and more]
NCT04778865,[18-65]
NCT04784208,[18-65]
NCT04784208,[65 and more]
NCT04787328,[18-65]
NCT04787328,[65 and more]
NCT04795947,[18-65]
NCT04795947,[65 and more]
NCT04802876,[18-65]
NCT04802876,[65 and more]
NCT04806269,[18-65]
NCT04821336,[18-65]
NCT04821336,[65 and more]
NCT04825964,[18-65]
NCT04825964,[65 and more]
NCT04831957,[65 and more]
NCT04853680,[18-65]
NCT04853680,[65 and more]
NCT04857086,[0-17]
NCT04857086,[18-65]
NCT04857086,[65 and more]
NCT04858867,[18-65]
NCT04858867,[65 and more]
NCT04860622,[18-65]
NCT04868045,[18-65]
NCT04868045,[65 and more]
NCT04876287,[18-65]
NCT04876287,[65 and more]
NCT04877665,[0-17]
NCT04877665,[18-65]
NCT04878614,[18-65]
NCT04878614,[65 and more]
NCT04880798,[18-65]
NCT04880798,[65 and more]
NCT04892303,[18-65]
NCT04892303,[65 and more]
NCT04904159,[18-65]
NCT04904159,[65 and more]
NCT04922801,[18-65]
NCT04922801,[65 and more]
NCT04931576,[18-65]
NCT04940052,[18-65]
NCT04940052,[65 and more]
NCT04946123,[18-65]
NCT04946123,[65 and more]
NCT04948437,[18-65]
NCT04948437,[65 and more]
NCT04952012,[18-65]
NCT04952493,[18-65]
NCT04952493,[65 and more]
NCT04964284,[18-65]
NCT04964284,[65 and more]
NCT04970134,[18-65]
NCT04970134,[65 and more]
NCT04971473,[18-65]
NCT04971473,[65 and more]
NCT05003856,[18-65]
NCT05003856,[65 and more]
NCT05014698,[0-17]
NCT05014698,[18-65]
NCT05014698,[65 and more]
NCT05015725,[18-65]
NCT05015725,[65 and more]
NCT05022667,[18-65]
NCT05022667,[65 and more]
NCT05024929,[0-17]
NCT05024929,[18-65]
NCT05025046,[18-65]
NCT05025046,[65 and more]
NCT05033496,[0-17]
NCT05033496,[18-65]
NCT05043584,[18-65]
NCT05043584,[65 and more]
NCT05049551,[18-65]
NCT05049551,[65 and more]
NCT05052359,[18-65]
NCT05052359,[65 and more]
NCT05054634,[18-65]
NCT05054634,[65 and more]
NCT05077865,[18-65]
NCT05077865,[65 and more]
NCT05078853,[18-65]
NCT05078853,[65 and more]
NCT05088187,[18-65]
NCT05088187,[65 and more]
NCT05102292,[18-65]
NCT05102292,[65 and more]
NCT05103956,[18-65]
NCT05103956,[65 and more]
NCT05114980,[18-65]
NCT05114980,[65 and more]
NCT05124938,[0-17]
NCT05124938,[18-65]
NCT05124938,[65 and more]
NCT05132205,[18-65]
NCT05132205,[65 and more]
NCT05132478,[18-65]
NCT05132478,[65 and more]
NCT05143918,[18-65]
NCT05152927,[18-65]
NCT05152927,[65 and more]
NCT05172921,[18-65]
NCT05172921,[65 and more]
NCT05175404,[18-65]
NCT05175404,[65 and more]
NCT05178186,[18-65]
NCT05178186,[65 and more]
NCT05182931,[18-65]
NCT05182931,[65 and more]
NCT05191927,[0-17]
NCT05191927,[18-65]
NCT05191927,[65 and more]
NCT05218395,[18-65]
NCT05218395,[65 and more]
NCT05228184,[0-17]
NCT05240911,[18-65]
NCT05240911,[65 and more]
NCT05241834,[0-17]
NCT05241834,[18-65]
NCT05241834,[65 and more]
NCT05243979,[18-65]
NCT05243979,[65 and more]
NCT05247476,[18-65]
NCT05247476,[65 and more]
NCT05252884,[18-65]
NCT05252884,[65 and more]
NCT05260255,[18-65]
NCT05260255,[65 and more]
NCT05263141,[18-65]
NCT05263141,[65 and more]
NCT05265819,[18-65]
NCT05270798,[18-65]
NCT05270798,[65 and more]
NCT05275374,[18-65]
NCT05275374,[65 and more]
NCT05275946,[0-17]
NCT05275946,[18-65]
NCT05278364,[18-65]
NCT05278364,[65 and more]
NCT05294393,[18-65]
NCT05294393,[65 and more]
NCT05314790,[18-65]
NCT05314790,[65 and more]
NCT05323669,[18-65]
NCT05323669,[65 and more]
NCT05328076,[18-65]
NCT05328076,[65 and more]
NCT05334069,[18-65]
NCT05334069,[65 and more]
NCT05334771,[18-65]
NCT05346419,[18-65]
NCT05346419,[65 and more]
NCT05355701,[0-17]
NCT05355701,[18-65]
NCT05355701,[65 and more]
NCT05371262,[0-17]
NCT05371262,[18-65]
NCT05385029,[0-17]
NCT05385029,[18-65]
NCT05385029,[65 and more]
NCT05387070,[18-65]
NCT05387070,[65 and more]
NCT05391945,[18-65]
NCT05391945,[65 and more]
NCT05395429,[0-17]
NCT05395429,[18-65]
NCT05395429,[65 and more]
NCT05399953,[18-65]
NCT05399953,[65 and more]
NCT02868476,[18-65]
NCT02868476,[65 and more]
NCT03191188,[18-65]
NCT03191188,[65 and more]
NCT03369405,[18-65]
NCT03369405,[65 and more]
NCT03414021,[18-65]
NCT03414021,[65 and more]
NCT04279184,[18-65]
NCT04279184,[65 and more]
NCT04351945,[18-65]
NCT04351945,[65 and more]
NCT04427904,[18-65]
NCT04427904,[65 and more]
NCT04471597,[18-65]
NCT04542278,[18-65]
NCT04542278,[65 and more]
NCT04794257,[18-65]
NCT04794257,[65 and more]
NCT04842942,[18-65]
NCT04842942,[65 and more]
NCT04943146,[18-65]
NCT05036525,[18-65]
NCT05036525,[65 and more]
